bus_id,bus_name,bus_name_psse,bus_type,baskv_kv,ide,ide_desc,vm_pu,va_deg,lat,lon,parent_bus_id,name_geosadi
10,NPMADRYN,,500kV,500.0,1,PQ,1.02483,24.7719,-42.7044556209301,-65.1051158026521,,PUERTO MADRYN
11,NPMD.CHL,,500kV,500.0,1,PQ,0.99492,35.2339,-42.696274,-65.106295,,
12,SCN_500,,500kV,500.0,1,PQ,1.01272,28.0957,-46.7742815027891,-67.9792001395747,,SANTA CRUZ NORTE
15,RSCRUZ,,500kV,500.0,1,PQ,1.00693,27.2206,-49.9861809102208,-68.973397016559,,RIO SANTA CRUZ
19,ESPERANZ,,500kV,500.0,1,PQ,1.005,26.8682,-51.0427218374428,-70.7142704645103,,ESPERANZA PAT
1000,CHOCON,,500kV,500.0,1,PQ,1.02377,22.1114,-39.2577787621801,-68.7481460243195,,EL CHOCON
1002,P.AGUILA,,500kV,500.0,1,PQ,1.01164,27.0372,-40.1892618749355,-69.991493972269,,P. DEL AGUILA (CH)
1004,CHOCONOE,,500kV,500.0,1,PQ,1.02393,22.2018,-39.2373797693608,-68.7793992577695,,EL CHOCON OESTE
1006,CHOE.CH,,500kV,500.0,1,PQ,1.00865,15.8777,-39.5683494675538,-65.6919994879859,,CHOELE CHOEL
1007,CHOE.PA,,500kV,500.0,1,PQ,1.03107,15.0609,-39.568589,-65.69434,,
1008,CH.CHOEL,,500kV,500.0,1,PQ,1.00885,19.5791,-39.5683494675538,-65.6918994879858,,CHOELE CHOEL
1010,CHOE.BB1,,500kV,500.0,1,PQ,0.99279,27.8937,-38.656707,-62.054947,,
1011,CHOE.BB2,,500kV,500.0,1,PQ,0.99478,26.6059,-38.656707,-62.054947,,
1012,C.COSTA,,500kV,500.0,1,PQ,1.0178,17.8369,-38.7197148748415,-68.2573668444043,,CERRITO DE LA COSTA
1014,T.AGUI1,,500kV,500.0,1,PQ,1.01247,26.8554,-40.1628926301907,-70.0447524893358,,P. DEL AGUILA
1016,ALICURA,,500kV,500.0,1,PQ,0.99838,27.7819,-40.5796589124288,-70.7486596069552,,ALICURA
1018,C.H.CHOC,,500kV,500.0,1,PQ,1.02387,22.128,-39.2658521830318,-68.7566906701383,,EL CHOCON (CH)
1020,L.LATA,,500kV,500.0,1,PQ,1.01571,19.1323,-38.5126463370588,-68.604384133321,,LOMA LA LATA
1022,PPLEUFU,,500kV,500.0,1,PQ,1.01255,27.0108,-40.0125443968064,-69.9843839303741,,P P LEUFU
1024,P.BAND.,,500kV,500.0,1,PQ,1.01519,18.5896,-38.5599413381222,-68.4729226719437,,P BANDERITA
1025,A.CAJON,,500kV,500.0,1,PQ,1.02264,23.0121,-38.9389597169173,-68.3559840709081,,AGUA DE CAJON
1026,PUELCHE1,,500kV,500.0,1,PQ,1.00785,4.6117,-38.1501427980517,-65.8229596357785,,PUELCHES
1028,PUELCHE2,,500kV,500.0,1,PQ,1.02149,17.1242,-38.1501427980517,-65.8228596357785,,PUELCHES
1030,MACACHIN,,500kV,500.0,1,PQ,1.00318,3.2265,-37.1513829345747,-63.5646568437383,,MACACHIN
2000,B.BLANCA,,500kV,500.0,1,PQ,1.01755,9.6128,-38.6573435823404,-62.0537662366225,,BAHIA BLANCA
2001,GUIBROWN,,500kV,500.0,1,PQ,1.02728,10.6821,-38.6845710141409,-62.4157582655315,,G BROWN
2002,CAMPANA,,500kV,500.0,1,PQ,0.99702,-12.0663,-34.172919501134,-58.998793474739,,NUEVA CAMPANA
2003,BELGRANO1,,500kV,500.0,1,PQ,1.00937,-9.8872,-34.1860753074295,-59.0033994443289,,MANUEL BELGRANO
2004,HENDERS1,,500kV,500.0,1,PQ,1.02289,-7.3517,-36.3459532748237,-61.6707350630726,,HENDERSON
2005,T PEPE,,500kV,500.0,1,PQ,1.01756,9.6149,-38.658942,-62.046672,,
2006,HENDERS2,,500kV,500.0,1,PQ,1.01892,3.8833,-36.3459532748237,-61.6706350630725,,HENDERSON
2008,OLAVARRI,,500kV,500.0,1,PQ,1.00997,1.3065,-36.8392209813632,-60.3439985899629,,OLAVARRIA
2010,OLA.BB1,,500kV,500.0,1,PQ,1.00826,-6.3859,-36.840155,-60.347101,,
2011,OLA.BB2,,500kV,500.0,1,PQ,1.00512,-4.0591,-36.863469,-60.388828,,
2012,OLA.AB1,,500kV,500.0,1,PQ,1.02456,9.4731,-34.970017,-58.161077,,
2013,OLA.AB2,,500kV,500.0,1,PQ,1.01699,8.8735,-34.970079,-58.159912,,
2014,PBUENA1,,500kV,500.0,1,PQ,1.018,9.6108,-38.7865967935072,-62.2517572173216,,PIEDRA BUENA
2016,PBUENA2,,500kV,500.0,1,PQ,1.018,9.613,-38.7865967935072,-62.2517572173216,,PIEDRA BUENA
2018,ATUCHA 2,,500kV,500.0,1,PQ,1.00917,-7.6405,-33.9710612890472,-59.2047888874971,,ATUCHA II
2020,25MAYO_1,,500kV,500.0,1,PQ,1.00408,-4.7206,-35.4813928083314,-60.0694998357488,,25 DE MAYO
2049,VIVO.BB1,,500kV,500.0,1,PQ,1.00501,4.4376,-37.695927,-57.731159,,
2050,VIVORATA,,500kV,500.0,1,PQ,1.00501,4.4376,-37.6937382374297,-57.7318562501658,,VIVORATA
2090,RAMALLO,,500kV,500.0,1,PQ,1.02502,-5.2949,-33.410509715451,-60.1801146838455,,RAMALLO
2092,AES PARA,,500kV,500.0,1,PQ,1.02688,-5.0467,-33.3561959977471,-60.1696645086101,,AES PARANA
3000,EZEIZA,,500kV,500.0,1,PQ,1.0,-10.1136,-34.9118465411849,-58.7246422149662,,EZEIZA
3002,ABASTO,,500kV,500.0,1,PQ,0.99216,-8.1659,-34.9682263244852,-58.1649273229376,,ABASTO
3003,EZBPASS,,500kV,500.0,1,PQ,0.99097,-9.9814,-34.9118465411849,-58.7246422149662,,
3004,RODRGUEZ,,500kV,500.0,1,PQ,0.98652,-11.8551,-34.5299884514059,-58.9318933708823,,GRAL RODRIGUEZ
3005,EZE.GENETG01,,500kV,500.0,1,PQ,1.00111,-9.9264,-34.9027379772758,-58.7327362069104,,CENTRAL GENELBA
3006,EZE GENETG02,,500kV,500.0,1,PQ,1.00111,-9.9264,-34.9027379772758,-58.7327362069104,,CENTRAL GENELBA
3007,EZE GENETV03,,500kV,500.0,1,PQ,1.00316,-9.6221,-34.9027379772758,-58.7327362069104,,CENTRAL GENELBA
4000,R.OESTE,,500kV,500.0,1,PQ,1.02014,-5.6994,-32.9684416648509,-60.7799848969854,,ROSARIO OESTE
4002,R.COROND,,500kV,500.0,1,PQ,1.02835,-4.8473,-32.5781452578973,-60.7936421166903,,RIO CORONDA
4004,C.ELIA,,500kV,500.0,1,PQ,1.01986,-9.8742,-32.6012869311469,-58.2939883534797,,C ELIA
4006,ROMANG,,500kV,500.0,1,PQ,1.02617,-8.3534,-29.4598194433126,-59.7631398074561,,ROMANG
4008,SGDE.ARG,,500kV,500.0,1,PQ,1.02614,-5.6117,-31.2796643089607,-57.9635208304219,,SALTO GRANDE ARG
4009,GRAN.PNA,,500kV,500.0,1,PQ,1.01935,-8.7807,-31.7142390149186,-60.4255694431752,,GRAN PARANA
4010,S.TOME,,500kV,500.0,1,PQ,1.01762,-8.4676,-31.6585650780159,-60.8624150416208,,SANTO TOME
4012,SGAC1500,,500kV,500.0,1,PQ,1.02618,-5.5665,-31.2888,-57.9324,,
4013,SGAC2500,,500kV,500.0,1,PQ,1.02618,-5.5665,-31.2888,-57.9323,,
4014,SGAC3500,,500kV,500.0,1,PQ,1.02618,-5.5665,-31.2888,-57.9322,,
4015,SGAC4500,,500kV,500.0,1,PQ,1.02614,-5.6118,-31.2888,-57.9321,,
4018,TERMINAL_500,,500kV,500.0,1,PQ,1.02924,-4.647,-32.665144,-60.750729,,
4019,CN-TSE,,500kV,500.0,1,PQ,1.02866,-4.8353,-32.580452,-60.81942,,
5000,YACYRETA,,500kV,500.0,1,PQ,1.02,1.2795,-27.4827573404788,-56.7392780143688,,YACYRETA
5002,RINCON,,500kV,500.0,1,PQ,1.02004,1.2186,-27.4887181126508,-56.6976829874798,,RINCON STA. MARIA
5004,RESISTEN,,500kV,500.0,1,PQ,1.01699,-6.3142,-27.2997269048727,-59.108568069161,,RESISTENCIA
5005,P.PATRIA,,500kV,500.0,1,PQ,1.02013,-5.807,-27.3836122730879,-58.6879250290168,,PASO LA PATRIA
5006,GRANFORMOSA,,500kV,500.0,1,PQ,0.99531,-9.349,-26.0963094079528,-58.2484575731584,,GRAN FORMOSA
5012,R6L5RS,,500kV,500.0,1,PQ,1.01699,-6.3142,-27.301812,-59.104564,,
5016,CHACO,,500kV,500.0,1,PQ,1.00789,-3.924,-26.865431449202,-60.4393422923129,,CHACO
5030,MERCEDES,,500kV,500.0,1,PQ,1.02216,-5.2719,-29.3558808805981,-57.7017029442354,,MERCEDES
5253,S.ISIDRO,,500kV,500.0,1,PQ,1.00105,-0.5921,-27.4428686377774,-55.9181895192309,,SAN ISIDRO
6000,ALMAFUE.,,500kV,500.0,1,PQ,1.00936,6.2131,-32.2066325633421,-64.3172936337941,,ALMAFUERTE
6002,A.CABRAL,,500kV,500.0,1,PQ,1.01459,2.4641,-32.4968032794478,-63.4232485019168,,ARROYO CABRAL
6004,EMBALSE,,500kV,500.0,1,PQ,1.01337,7.0779,-32.2337311061056,-64.4426019849936,,EMBALSE
6006,MALVINAS,,500kV,500.0,1,PQ,0.98086,4.382,-31.339918523621,-63.9129519775517,,MALVINAS
6008,R.GRANDE,,500kV,500.0,1,PQ,1.0147,8.1455,-32.2215703537888,-64.6364544160384,,RIO GRANDE
6010,LUJAN.SL,,500kV,500.0,1,PQ,1.02977,10.7878,-32.3689432710151,-66.0651644799568,,LUJAN
7000,GRAN MZA,,500kV,500.0,1,PQ,1.01706,16.219,-33.0978701376966,-68.5819527023553,,GRAN MENDOZA
7002,RDIAMANT,,500kV,500.0,1,PQ,1.0163,18.9072,-34.5499519061555,-68.5937205912323,,RIO DIAMANTE
7003,RDIAM.AC,,500kV,500.0,1,PQ,1.0163,18.9072,-34.932816,-68.268418,,
7005,RDIAM.GM,,500kV,500.0,1,PQ,1.0163,18.9072,-34.545696,-68.59593,,
7010,NVA.SJUAN,,500kV,500.0,1,PQ,0.99369,16.5562,-31.5652484898259,-68.6190063264808,,NUEVA SAN JUAN
8000,BRACHO,,500kV,500.0,1,PQ,1.02006,10.0162,-26.9949090061457,-65.1655235459748,,EL BRACHO
8002,RECREO,,500kV,500.0,1,PQ,1.00417,4.8114,-29.2603963902811,-65.0574469228372,,RECREO
8004,REC.MALV,,500kV,500.0,1,PQ,0.96594,11.1092,-29.261445,-65.04893,,
8006,RIOJASUR,,500kV,500.0,1,PQ,0.98668,6.2165,-29.397477189021,-66.5129361173079,,LA RIOJA SUR
8007,COBOS,,500kV,500.0,1,PQ,1.01618,10.223,-24.7457443027573,-65.0471806841412,,COBOS
8008,JUANCITO,,500kV,500.0,1,PQ,1.00917,10.0217,-24.3767165060619,-64.9975373023046,,SAN JUANCITO
8009,MQUEM-CB,,500kV,500.0,1,PQ,1.01619,2.4257,-25.845714,-62.817702,,
8010,MQUEMADO,,500kV,500.0,1,PQ,1.01619,2.4257,-25.8466539135473,-62.8165780633269,,MONTE QUEMADO
8011,MQUEM-CH,,500kV,500.0,1,PQ,1.01619,2.4257,-25.845714,-62.817702,,
8012,LAVALLE,,500kV,500.0,1,PQ,1.00812,6.0021,-28.1577304395082,-65.1044619469612,,LAVALLE
8013,SANTIAGO,,500kV,500.0,1,PQ,0.99452,4.4055,-27.8383906535058,-64.346174574397,,SANTIAGO
117,ESPERANZ_220kV,ESPERANZ,secondary,220.0,1,PQ,1.00728,25.8753,-51.0427218374428,-70.7142704645103,19.0,
221,NPMADRYN_132kV,PMADRYN2,secondary,132.0,1,PQ,1.01499,27.3621,-42.7044556209301,-65.1051158026521,10.0,
224,NPMADRYN_330kV,NPMAD330,secondary,330.0,1,PQ,1.01516,29.9795,-42.7044556209301,-65.1051158026521,10.0,
315,RSCRUZ_132kV,RSCRUZ,secondary,132.0,1,PQ,1.02072,26.9953,-49.9861809102208,-68.973397016559,15.0,
461,SCN_500_132kV,SCN_132,secondary,132.0,1,PQ,1.02621,31.2928,-46.7742815027891,-67.9792001395747,12.0,
479,SCN_500_33kV_1,SCN_TER1,secondary,33.0,1,PQ,1.02854,31.0114,-46.7742815027891,-67.9792001395747,12.0,
484,SCN_500_33kV_2,SCN_TER2,secondary,33.0,1,PQ,1.02816,31.0573,-46.7742815027891,-67.9792001395747,12.0,
501,NPMADRYN_33kV_1,PM33_01,secondary,33.0,1,PQ,1.01145,30.531,-42.7044556209301,-65.1051158026521,10.0,
504,RSCRUZ_33kV,RSCRUZ,secondary,33.0,1,PQ,1.02058,26.9712,-49.9861809102208,-68.973397016559,15.0,
542,NPMADRYN_33kV_2,PM33_02,secondary,33.0,1,PQ,1.0145,27.5074,-42.7044556209301,-65.1051158026521,10.0,
545,ESPERANZ_33kV,ESP.TER1,secondary,33.0,1,PQ,0.99624,25.7885,-51.0427218374428,-70.7142704645103,19.0,
554,SCN_500_33kV_3,SCN_TER3,secondary,33.0,1,PQ,1.02471,31.4755,-46.7742815027891,-67.9792001395747,12.0,
583,NPMADRYN_33kV_3,TER,secondary,33.0,1,PQ,1.01429,27.5713,-42.7044556209301,-65.1051158026521,10.0,
1200,A.CAJON_132kV_1,ACAJON 1,secondary,132.0,1,PQ,1.0435,28.0343,-38.9389597169173,-68.3559840709081,1025.0,
1203,A.CAJON_132kV_2,ACAJON 3,secondary,132.0,1,PQ,1.04315,31.7292,-38.9389597169173,-68.3559840709081,1025.0,
1204,ALICURA_132kV,ALICURA,secondary,132.0,1,PQ,1.04556,22.2392,-40.5796589124288,-70.7486596069552,1016.0,
1224,CHOCONOE_132kV,CHOCONOE,secondary,132.0,1,PQ,1.0395,24.1883,-39.2373797693608,-68.7793992577695,1004.0,
1226,CH.CHOEL_132kV,CH.CHOEL,secondary,132.0,1,PQ,1.02645,19.5633,-39.5683494675538,-65.6918994879858,1008.0,
1240,CHOCON_132kV,CHOCON,secondary,132.0,1,PQ,1.039,24.3733,-39.2577787621801,-68.7481460243195,1000.0,
1268,P.BAND._132kV,P.BAND.,secondary,132.0,1,PQ,1.03951,19.4192,-38.5599413381222,-68.4729226719437,1024.0,
1286,PUELCHE1_132kV,PUELCHES,secondary,132.0,1,PQ,1.03649,2.974,-38.1501427980517,-65.8229596357785,1026.0,
1289,MACACHIN_132kV,MACACHIN,secondary,132.0,1,PQ,1.04379,0.2522,-37.1513829345747,-63.5646568437383,1030.0,
1297,ALICURA_13.2kV_1,ALIC.TER2,secondary,13.2,4,isolated - unit offline in snapshot,1.0,0.0,-40.5796589124288,-70.7486596069552,1016.0,
1299,ALICURA_13.2kV_2,ALIC.TER,secondary,13.2,1,PQ,0.99841,21.9364,-40.5796589124288,-70.7486596069552,1016.0,
1611,ALICURA_13.8kV_1,ALICHI01,secondary,13.8,2,PV - active generator,0.98,33.746,-40.5796589124288,-70.7486596069552,1016.0,
1612,ALICURA_13.8kV_2,ALICHI02,secondary,13.8,2,PV - active generator,0.98,33.746,-40.5796589124288,-70.7486596069552,1016.0,
1613,ALICURA_13.8kV_3,ALICHI03,secondary,13.8,2,PV - active generator,0.99838,27.7819,-40.5796589124288,-70.7486596069552,1016.0,
1614,ALICURA_13.8kV_4,ALICHI04,secondary,13.8,2,PV - active generator,0.99838,27.7819,-40.5796589124288,-70.7486596069552,1016.0,
1651,P.AGUILA_15.7kV_1,PAGUHI01,secondary,15.7,2,PV - active generator,0.98,33.2521,-40.1892618749355,-69.991493972269,1002.0,
1652,P.AGUILA_15.7kV_2,PAGUHI02,secondary,15.7,2,PV - active generator,0.98,33.2521,-40.1892618749355,-69.991493972269,1002.0,
1653,P.AGUILA_15.7kV_3,PAGUHI03,secondary,15.7,2,PV - active generator,0.98,33.2521,-40.1892618749355,-69.991493972269,1002.0,
1654,P.AGUILA_15.7kV_4,PAGUHI04,secondary,15.7,2,PV - active generator,1.01164,27.0372,-40.1892618749355,-69.991493972269,1002.0,
1661,C.H.CHOC_16kV_1,CHOCHI01,secondary,16.0,2,PV - active generator,1.0,27.2396,-39.2658521830318,-68.7566906701383,1018.0,
1662,C.H.CHOC_16kV_2,CHOCHI02,secondary,16.0,2,PV - active generator,1.0,27.2396,-39.2658521830318,-68.7566906701383,1018.0,
1663,C.H.CHOC_16kV_3,CHOCHI03,secondary,16.0,2,PV - active generator,1.0,27.2396,-39.2658521830318,-68.7566906701383,1018.0,
1664,C.H.CHOC_16kV_4,CHOCHI04,secondary,16.0,2,PV - active generator,1.0,27.2396,-39.2658521830318,-68.7566906701383,1018.0,
1665,C.H.CHOC_16kV_5,CHOCHI05,secondary,16.0,2,PV - active generator,0.97512,22.128,-39.2658521830318,-68.7566906701383,1018.0,
1666,C.H.CHOC_16kV_6,CHOCHI06,secondary,16.0,2,PV - active generator,0.97512,22.128,-39.2658521830318,-68.7566906701383,1018.0,
1671,L.LATA_11.5kV_1,LDLATG01,secondary,11.5,2,PV - active generator,0.99544,25.7203,-38.5126463370588,-68.604384133321,1020.0,
1672,L.LATA_11.5kV_2,LDLATG02,secondary,11.5,2,PV - active generator,1.02,25.7836,-38.5126463370588,-68.604384133321,1020.0,
1673,L.LATA_11.5kV_3,LDLATG03,secondary,11.5,2,PV - active generator,1.01571,19.1323,-38.5126463370588,-68.604384133321,1020.0,
1674,L.LATA_15.8kV,LDLATV01,secondary,15.75,2,PV - active generator,1.01571,19.1323,-38.5126463370588,-68.604384133321,1020.0,
1675,L.LATA_11.5kV_4,LDLATG04,secondary,11.5,2,PV - active generator,1.01571,19.1323,-38.5126463370588,-68.604384133321,1020.0,
1677,L.LATA_11.5kV_5,LDLATG05,secondary,11.5,2,PV - active generator,1.01571,19.1323,-38.5126463370588,-68.604384133321,1020.0,
1681,PPLEUFU_13.8kV_1,PPLEHI01,secondary,13.8,2,PV - active generator,1.01,32.9827,-40.0125443968064,-69.9843839303741,1022.0,
1682,PPLEUFU_13.8kV_2,PPLEHI02,secondary,13.8,2,PV - active generator,1.0,33.0427,-40.0125443968064,-69.9843839303741,1022.0,
1683,PPLEUFU_13.8kV_3,PPLEHI03,secondary,13.8,4,isolated - unit offline in snapshot,1.0,0.0,-40.0125443968064,-69.9843839303741,1022.0,
1691,P.BAND._16kV_1,PBANHI01,secondary,16.0,2,PV - active generator,0.98,24.0297,-38.5599413381222,-68.4729226719437,1024.0,
1692,P.BAND._16kV_2,PBANHI02,secondary,16.0,2,PV - active generator,1.01376,18.78,-38.5599413381222,-68.4729226719437,1024.0,
1803,CHOCONOE_13.2kV,CHNO.TER,secondary,13.2,1,PQ,1.00672,24.4658,-39.2373797693608,-68.7793992577695,1004.0,
1804,CH.CHOEL_13.2kV_1,CHOETER1,secondary,13.2,1,PQ,0.956,19.5615,-39.5683494675538,-65.6918994879858,1008.0,
1805,CHOCON_13.2kV_1,CHO.TER2,secondary,13.2,1,PQ,0.98084,24.4905,-39.2577787621801,-68.7481460243195,1000.0,
1806,CHOCON_13.2kV_2,CHO.TER4,secondary,13.2,1,PQ,0.98287,24.3709,-39.2577787621801,-68.7481460243195,1000.0,
1809,P.BAND._33kV,PBA2.TER,secondary,33.0,1,PQ,1.03692,19.471,-38.5599413381222,-68.4729226719437,1024.0,
1812,PUELCHE1_13.2kV,PUEL.TER,secondary,13.2,1,PQ,0.97118,2.8925,-38.1501427980517,-65.8229596357785,1026.0,
1813,A.CAJON_33kV_1,ACAJTER1,secondary,33.0,1,PQ,1.04299,32.3375,-38.9389597169173,-68.3559840709081,1025.0,
1814,A.CAJON_33kV_2,ACAJTER2,secondary,33.0,1,PQ,1.03908,28.5784,-38.9389597169173,-68.3559840709081,1025.0,
1815,MACACHIN_33kV_1,MACA.TER,secondary,33.0,4,isolated - unit offline in snapshot,1.0,0.0,-37.1513829345747,-63.5646568437383,1030.0,
1821,CH.CHOEL_13.2kV_2,CHOETER2,secondary,13.2,4,isolated - unit offline in snapshot,1.0,0.0,-39.5683494675538,-65.6918994879858,1008.0,
1823,MACACHIN_33kV_2,MAC.TER2,secondary,33.0,1,PQ,1.04173,-0.1822,-37.1513829345747,-63.5646568437383,1030.0,
2104,HENDERS2_220kV,HENDERSO,secondary,220.0,1,PQ,1.0069,2.1836,-36.3459532748237,-61.6706350630725,2006.0,
2105,RAMALLO_220kV,RAMALLOA,secondary,220.0,1,PQ,0.9854,-12.6839,-33.410509715451,-60.1801146838455,2090.0,
2206,B.BLANCA_132kV_1,B.BCA 1,secondary,132.0,1,PQ,1.03629,9.6782,-38.6573435823404,-62.0537662366225,2000.0,
2208,B.BLANCA_132kV_2,B.BCA2,secondary,132.0,1,PQ,1.03629,9.6782,-38.6573435823404,-62.0537662366225,2000.0,
2245,HENDERS2_132kV,HENDERS2,secondary,132.0,1,PQ,1.04201,-0.1204,-36.3459532748237,-61.6706350630725,2006.0,
2292,CAMPANA_132kV_1,NCAMP1,secondary,132.0,1,PQ,0.98349,-17.0887,-34.172919501134,-58.998793474739,2002.0,
2293,25MAYO_1_132kV,25MAY_01,secondary,132.0,1,PQ,1.05556,-7.397,-35.4813928083314,-60.0694998357488,2020.0,
2294,CAMPANA_132kV_2,NCAMP2,secondary,132.0,1,PQ,0.98349,-17.0887,-34.172919501134,-58.998793474739,2002.0,
2296,OLAVARRI_132kV_1,OLAVARR1,secondary,132.0,1,PQ,1.04571,1.8976,-36.8392209813632,-60.3439985899629,2008.0,
2298,OLAVARRI_132kV_2,OLAVARR2,secondary,132.0,1,PQ,1.04571,1.8976,-36.8392209813632,-60.3439985899629,2008.0,
2327,RAMALLO_132kV,RAMALLO2,secondary,132.0,1,PQ,1.04068,-13.9995,-33.410509715451,-60.1801146838455,2090.0,
2410,VIVORATA_132kV,VIVORATA,secondary,132.0,1,PQ,1.03231,1.9203,-37.6937382374297,-57.7318562501658,2050.0,
2501,B.BLANCA_13.2kV_1,BBL.TER1,secondary,13.2,1,PQ,1.01623,9.6866,-38.6573435823404,-62.0537662366225,2000.0,
2502,B.BLANCA_13.2kV_2,BBL.TER2,secondary,13.2,1,PQ,1.0163,9.6828,-38.6573435823404,-62.0537662366225,2000.0,
2503,HENDERS2_13.2kV_1,HEN.TER1,secondary,13.2,4,isolated - unit offline in snapshot,1.0,0.0,-36.3459532748237,-61.6706350630725,2006.0,
2505,OLAVARRI_13.2kV_1,OLAV13_01,secondary,13.2,1,PQ,0.99586,1.9665,-36.8392209813632,-60.3439985899629,2008.0,
2506,OLAVARRI_13.2kV_2,OLAV13_02,secondary,13.2,1,PQ,0.99557,1.971,-36.8392209813632,-60.3439985899629,2008.0,
2526,RAMALLO_33kV,RAM.TER3,secondary,33.0,4,isolated - unit offline in snapshot,1.0,0.0,-33.410509715451,-60.1801146838455,2090.0,
2531,OLAVARRI_13.2kV_3,OLAV13_03,secondary,13.2,4,isolated - unit offline in snapshot,1.0,0.0,-36.8392209813632,-60.3439985899629,2008.0,
2543,HENDERS2_13.8kV,HEN.TER3,secondary,13.8,1,PQ,1.0177,1.9216,-36.3459532748237,-61.6706350630725,2006.0,
2620,ATUCHA 2_21kV,ATU2NUCL,secondary,21.0,3,slack,1.05,0.0,-33.9710612890472,-59.2047888874971,2018.0,
2625,GUIBROWN_20kV_1,BROWTG01,secondary,20.0,2,PV - active generator,1.05,15.809,-38.6845710141409,-62.4157582655315,2001.0,
2626,GUIBROWN_20kV_2,BROWTG02,secondary,20.0,2,PV - active generator,1.05,16.838,-38.6845710141409,-62.4157582655315,2001.0,
2627,GUIBROWN_20kV_3,BROWTV01,secondary,20.0,4,isolated - unit offline in snapshot,1.0,0.0,-38.6845710141409,-62.4157582655315,2001.0,
2629,PBUENA1_20kV,BBLATV29,secondary,20.0,4,isolated - unit offline in snapshot,1.0,0.0,-38.7865967935072,-62.2517572173216,2014.0,
2630,PBUENA2_20kV,BBLATV30,secondary,20.0,4,isolated - unit offline in snapshot,1.0,0.0,-38.7865967935072,-62.2517572173216,2016.0,
2692,AES PARA_15kV_1,AESPTG01,secondary,15.0,2,PV - active generator,1.04,-3.1443,-33.3561959977471,-60.1696645086101,2092.0,
2693,AES PARA_15kV_2,AESPTG02,secondary,15.0,2,PV - active generator,1.04,-3.0247,-33.3561959977471,-60.1696645086101,2092.0,
2694,AES PARA_20kV,AESPTV01,secondary,20.0,2,PV - active generator,1.04,-1.7864,-33.3561959977471,-60.1696645086101,2092.0,
2695,BELGRANO1_20kV_1,GBELTG01,secondary,20.0,2,PV - active generator,1.05,-4.1064,-34.1860753074295,-59.0033994443289,2003.0,
2696,BELGRANO1_20kV_2,GBELTG02,secondary,20.0,2,PV - active generator,1.05,-4.1064,-34.1860753074295,-59.0033994443289,2003.0,
2697,BELGRANO1_20kV_3,GBELTV01,secondary,20.0,2,PV - active generator,1.05,-4.6202,-34.1860753074295,-59.0033994443289,2003.0,
2803,HENDERS2_13.2kV_2,HEN.TER2,secondary,13.2,4,isolated - unit offline in snapshot,1.0,0.0,-36.3459532748237,-61.6706350630725,2006.0,
2804,CAMPANA_13.2kV_1,NCAM.TER,secondary,13.2,1,PQ,0.98048,-16.7171,-34.172919501134,-58.998793474739,2002.0,
2823,CAMPANA_13.2kV_2,NCAM.TE2,secondary,13.2,1,PQ,0.98146,-16.8395,-34.172919501134,-58.998793474739,2002.0,
2827,RAMALLO_13.2kV_1,RAM.TER9,secondary,13.2,4,isolated - unit offline in snapshot,1.0,0.0,-33.410509715451,-60.1801146838455,2090.0,
2828,HENDERS2_13.2kV_3,HEN.TER7,secondary,13.2,1,PQ,1.08613,-0.3782,-36.3459532748237,-61.6706350630725,2006.0,
2829,25MAYO_1_33kV_1,25M.TER1,secondary,33.0,1,PQ,1.05333,-7.6117,-35.4813928083314,-60.0694998357488,2020.0,
2830,25MAYO_1_33kV_2,25M.TER2,secondary,33.0,1,PQ,1.05335,-7.61,-35.4813928083314,-60.0694998357488,2020.0,
2833,RAMALLO_13.2kV_2,RAM.TER4,secondary,13.2,1,PQ,0.97925,-13.3638,-33.410509715451,-60.1801146838455,2090.0,
2861,VIVORATA_33kV_1,VIV.TER1,secondary,33.0,1,PQ,1.0315,1.7664,-37.6937382374297,-57.7318562501658,2050.0,
2862,VIVORATA_33kV_2,VIV.TER2,secondary,33.0,1,PQ,1.03161,1.7875,-37.6937382374297,-57.7318562501658,2050.0,
3100,ABASTO_220kV,ABASTO,secondary,220.0,1,PQ,1.00541,-16.633,-34.9682263244852,-58.1649273229376,3002.0,
3110,EZEIZA_220kV_1,EZEIZA 2,secondary,220.0,1,PQ,1.01724,-13.1757,-34.9118465411849,-58.7246422149662,3000.0,
3112,EZEIZA_220kV_2,EZEIZA 3,secondary,220.0,1,PQ,1.01025,-14.2026,-34.9118465411849,-58.7246422149662,3000.0,
3120,RODRGUEZ_220kV_1,RODRIGU1,secondary,220.0,1,PQ,1.02954,-23.6294,-34.5299884514059,-58.9318933708823,3004.0,
3122,RODRGUEZ_220kV_2,RODRIGU2,secondary,220.0,1,PQ,1.02646,-23.4435,-34.5299884514059,-58.9318933708823,3004.0,
3201,EZEIZA_132kV_1,EZEIZA 1,secondary,132.0,1,PQ,1.00382,-13.7965,-34.9118465411849,-58.7246422149662,3000.0,
3203,EZEIZA_132kV_2,EZEIZA 2,secondary,132.0,4,isolated - unit offline in snapshot,1.0,0.0,-34.9118465411849,-58.7246422149662,3000.0,
3204,ABASTO_132kV_1,ABA.TER1,secondary,132.0,1,PQ,0.96279,-16.3339,-34.9682263244852,-58.1649273229376,3002.0,
3205,EZEIZA_132kV_3,EZEIZA 3,secondary,132.0,1,PQ,1.00397,-14.8477,-34.9118465411849,-58.7246422149662,3000.0,
3206,ABASTO_132kV_2,ABA.TER2,secondary,132.0,1,PQ,0.96279,-16.3339,-34.9682263244852,-58.1649273229376,3002.0,
3207,EZEIZA_132kV_4,EZE.TER10,secondary,132.0,1,PQ,1.01752,-13.4311,-34.9118465411849,-58.7246422149662,3000.0,
3318,RODRGUEZ_132kV_1,SVS.ROD1,secondary,132.0,1,PQ,0.96626,-23.371,-34.5299884514059,-58.9318933708823,3004.0,
3320,RODRGUEZ_132kV_2,SVS.ROD2,secondary,132.0,1,PQ,1.01679,-23.2018,-34.5299884514059,-58.9318933708823,3004.0,
3322,RODRGUEZ_132kV_3,ROD.TER3,secondary,132.0,1,PQ,0.91708,-23.2961,-34.5299884514059,-58.9318933708823,3004.0,
3335,RODRGUEZ_132kV_4,ROD.TER8,secondary,132.0,1,PQ,0.91917,-23.646,-34.5299884514059,-58.9318933708823,3004.0,
3365,RODRGUEZ_132kV_5,RODRIG01,secondary,132.0,1,PQ,0.98776,-28.5588,-34.5299884514059,-58.9318933708823,3004.0,
3563,RODRGUEZ_13.2kV,ROD.TER7,secondary,13.2,4,isolated - unit offline in snapshot,1.0,0.0,-34.5299884514059,-58.9318933708823,3004.0,
3641,EZE.GENETG01_15.8kV,GEBATG01,secondary,15.75,2,PV - active generator,1.05,-1.6563,-34.9027379772758,-58.7327362069104,3005.0,
3642,EZE GENETG02_15.8kV,GEBATG02,secondary,15.75,2,PV - active generator,1.05,-1.6563,-34.9027379772758,-58.7327362069104,3006.0,
3643,EZE GENETV03_15.8kV_1,GEBATV01,secondary,15.75,2,PV - active generator,1.05,-1.4086,-34.9027379772758,-58.7327362069104,3007.0,
3647,EZE GENETV03_15.8kV_2,GEBATG03,secondary,15.75,2,PV - active generator,1.05,-3.0405,-34.9027379772758,-58.7327362069104,3007.0,
3690,EZE GENETV03_15.8kV,GEBATG04,secondary,15.8,2,PV - active generator,1.05,-2.3159,-34.9027379772758,-58.7327362069104,3007.0,
3702,EZEIZA_132kV_5,EZE.TER7,secondary,132.0,1,PQ,1.01176,-13.1089,-34.9118465411849,-58.7246422149662,3000.0,
3899,EZEIZA_132kV_6,EZE.TER9,secondary,132.0,1,PQ,1.00534,-13.0079,-34.9118465411849,-58.7246422149662,3000.0,
4110,R.OESTE_220kV,ROS.OES2,secondary,220.0,1,PQ,0.98166,-10.5017,-32.9684416648509,-60.7799848969854,4000.0,
4222,C.ELIA_132kV,C.ELIA,secondary,132.0,1,PQ,1.04286,-15.4221,-32.6012869311469,-58.2939883534797,4004.0,
4247,GRAN.PNA_132kV,GRAN.PNA,secondary,132.0,1,PQ,1.02218,-14.5081,-31.7142390149186,-60.4255694431752,4009.0,
4274,ROMANG_132kV,ROMANG,secondary,132.0,1,PQ,1.04611,-12.3439,-29.4598194433126,-59.7631398074561,4006.0,
4282,R.OESTE_132kV_1,ROS.OES2,secondary,132.0,1,PQ,1.04384,-9.2105,-32.9684416648509,-60.7799848969854,4000.0,
4284,R.OESTE_132kV_2,ROS.OES3,secondary,132.0,1,PQ,1.01148,-14.7144,-32.9684416648509,-60.7799848969854,4000.0,
4294,SGDE.ARG_132kV_1,SGDE.ARG1,secondary,132.0,1,PQ,0.99823,-15.1026,-31.2796643089607,-57.9635208304219,4008.0,
4295,SGDE.ARG_132kV_2,SGDE.ARG2,secondary,132.0,1,PQ,0.99823,-15.1026,-31.2796643089607,-57.9635208304219,4008.0,
4312,S.TOME_132kV_1,S.TOME 1,secondary,132.0,1,PQ,1.04527,-12.6081,-31.6585650780159,-60.8624150416208,4010.0,
4313,S.TOME_132kV_2,S.TOME 2,secondary,132.0,1,PQ,1.04614,-11.3725,-31.6585650780159,-60.8624150416208,4010.0,
4390,R.COROND_132kV,R.COROND,secondary,132.0,1,PQ,1.04084,-9.736,-32.5781452578973,-60.7936421166903,4002.0,
4501,GRAN.PNA_33kV_1,GPNA.TER1,secondary,33.0,1,PQ,1.0209,-14.8121,-31.7142390149186,-60.4255694431752,4009.0,
4508,GRAN.PNA_33kV_2,GPNA.TER2,secondary,33.0,1,PQ,1.0208,-14.8346,-31.7142390149186,-60.4255694431752,4009.0,
4527,R.OESTE_33kV,ROS.TER7,secondary,33.0,1,PQ,0.98132,-10.8263,-32.9684416648509,-60.7799848969854,4000.0,
4601,SGAC1500_13.8kV_1,SGDEHI01,secondary,13.8,2,PV - active generator,1.0,-0.3182,-31.2888,-57.9324,4012.0,
4602,SGAC1500_13.8kV_2,SGDEHI02,secondary,13.8,2,PV - active generator,1.0,-0.3661,-31.2888,-57.9324,4012.0,
4603,SGAC2500_13.8kV_1,SGDEHI03,secondary,13.8,2,PV - active generator,1.0,-0.5454,-31.2888,-57.9323,4013.0,
4604,SGAC2500_13.8kV_2,SGDEHI04,secondary,13.8,2,PV - active generator,1.0,-0.5215,-31.2888,-57.9323,4013.0,
4605,SGAC3500_13.8kV_1,SGDEHI05,secondary,13.8,2,PV - active generator,1.0,-0.3182,-31.2888,-57.9322,4014.0,
4606,SGAC3500_13.8kV_2,SGDEHI06,secondary,13.8,2,PV - active generator,1.0,-0.3661,-31.2888,-57.9322,4014.0,
4613,SGAC4500_13.8kV_1,SGDEHI13,secondary,13.8,4,isolated - unit offline in snapshot,1.0,0.0,-31.2888,-57.9321,4015.0,
4615,SGAC4500_13.8kV_2,SGDEAU15,secondary,13.8,4,isolated - unit offline in snapshot,1.0,0.0,-31.2888,-57.9321,4015.0,
4624,TERMINAL_500_20kV,TER6TG11,secondary,20.0,2,PV - active generator,1.045,2.1007,-32.665144,-60.750729,4018.0,
4691,R.COROND_15.8kV_1,VOBLTG01,secondary,15.75,2,PV - active generator,1.05,0.5988,-32.5781452578973,-60.7936421166903,4002.0,
4692,R.COROND_15.8kV_2,VOBLTG02,secondary,15.75,2,PV - active generator,1.02835,-4.8473,-32.5781452578973,-60.7936421166903,4002.0,
4693,R.COROND_15.8kV_3,VOBLTV01,secondary,15.75,2,PV - active generator,1.05,-2.2652,-32.5781452578973,-60.7936421166903,4002.0,
4695,R.COROND_20kV_1,TIMBTG01,secondary,20.0,2,PV - active generator,1.02835,-4.8473,-32.5781452578973,-60.7936421166903,4002.0,
4696,R.COROND_20kV_2,TIMBTG02,secondary,20.0,2,PV - active generator,1.05,0.5305,-32.5781452578973,-60.7936421166903,4002.0,
4697,R.COROND_20kV_3,TIMBTV01,secondary,20.0,2,PV - active generator,1.05,-2.0929,-32.5781452578973,-60.7936421166903,4002.0,
4800,C.ELIA_13.2kV_1,CEL.TER1,secondary,13.2,1,PQ,1.04102,-15.7285,-32.6012869311469,-58.2939883534797,4004.0,
4802,ROMANG_33kV_1,ROMA.TER1,secondary,33.0,1,PQ,1.04679,-11.5885,-29.4598194433126,-59.7631398074561,4006.0,
4805,R.OESTE_13.8kV_1,ROS.TER3,secondary,13.8,1,PQ,0.96714,-15.2069,-32.9684416648509,-60.7799848969854,4000.0,
4806,R.OESTE_13.8kV_2,ROS.TER4,secondary,13.8,4,isolated - unit offline in snapshot,1.0,0.0,-32.9684416648509,-60.7799848969854,4000.0,
4807,R.OESTE_13.8kV_3,ROS.TER5,secondary,13.8,1,PQ,0.96798,-14.1883,-32.9684416648509,-60.7799848969854,4000.0,
4808,SGDE.ARG_13.8kV_1,SGRATER1,secondary,13.8,1,PQ,0.95304,-15.6313,-31.2796643089607,-57.9635208304219,4008.0,
4809,S.TOME_13.8kV_1,STO.TER1,secondary,13.8,1,PQ,0.99809,-12.8386,-31.6585650780159,-60.8624150416208,4010.0,
4810,S.TOME_13.8kV_2,STO.TER2,secondary,13.8,1,PQ,0.99809,-12.8386,-31.6585650780159,-60.8624150416208,4010.0,
4813,S.TOME_13.8kV_3,STO.TER3,secondary,13.8,1,PQ,0.99717,-11.6274,-31.6585650780159,-60.8624150416208,4010.0,
4814,SGDE.ARG_13.8kV_2,SGRATER2,secondary,13.8,1,PQ,0.9548,-15.1114,-31.2796643089607,-57.9635208304219,4008.0,
4825,ROMANG_33kV_2,ROMA.TER2,secondary,33.0,1,PQ,1.04459,-12.4824,-29.4598194433126,-59.7631398074561,4006.0,
4826,C.ELIA_13.2kV_2,CEL.TER2,secondary,13.2,1,PQ,1.04031,-15.9674,-32.6012869311469,-58.2939883534797,4004.0,
4850,R.OESTE_13.8kV_4,ROS.TER6,secondary,13.8,1,PQ,0.99796,-9.3924,-32.9684416648509,-60.7799848969854,4000.0,
4851,R.COROND_33kV,RCOR.TER,secondary,33.0,1,PQ,1.03632,-10.1094,-32.5781452578973,-60.7936421166903,4002.0,
4960,R.OESTE_132kV_3,I3_TF3,secondary,132.0,1,PQ,1.01148,-14.7144,-32.9684416648509,-60.7799848969854,4000.0,
5221,GRANFORMOSA_132kV_1,GR.FORMOSA A,secondary,132.0,1,PQ,1.04388,-12.812,-26.0963094079528,-58.2484575731584,5006.0,
5232,RESISTEN_132kV_1,RESISTE1,secondary,132.0,1,PQ,1.01499,-15.3781,-27.2997269048727,-59.108568069161,5004.0,
5234,RESISTEN_132kV_2,RESISTE2,secondary,132.0,1,PQ,1.01499,-15.3781,-27.2997269048727,-59.108568069161,5004.0,
5237,CHACO_132kV,CHACO,secondary,132.0,1,PQ,1.01404,-8.6107,-26.865431449202,-60.4393422923129,5016.0,
5242,P.PATRIA_132kV,P.PATRIA,secondary,132.0,1,PQ,1.03878,-10.6564,-27.3836122730879,-58.6879250290168,5005.0,
5250,RINCON_132kV,RINCON,secondary,132.0,1,PQ,1.04341,0.9045,-27.4887181126508,-56.6976829874798,5002.0,
5252,S.ISIDRO_132kV_1,S.ISIDRO.A,secondary,132.0,1,PQ,1.04078,-7.9355,-27.4428686377774,-55.9181895192309,5253.0,
5290,MERCEDES_132kV,MERCEDES,secondary,132.0,1,PQ,1.03956,-11.556,-29.3558808805981,-57.7017029442354,5030.0,
5322,S.ISIDRO_132kV_2,S.ISIDRO.B,secondary,132.0,1,PQ,1.03726,-4.4936,-27.4428686377774,-55.9181895192309,5253.0,
5330,GRANFORMOSA_132kV_2,GR.FORMOSA B,secondary,132.0,1,PQ,1.03491,-16.4087,-26.0963094079528,-58.2484575731584,5006.0,
5508,RESISTEN_33kV_1,RES.TER1,secondary,33.0,1,PQ,1.01699,-15.8912,-27.2997269048727,-59.108568069161,5004.0,
5509,RESISTEN_33kV_2,RES.TER2,secondary,33.0,1,PQ,1.01334,-15.9199,-27.2997269048727,-59.108568069161,5004.0,
5512,RINCON_33kV,RINC.TER,secondary,33.0,1,PQ,1.0439,0.9272,-27.4887181126508,-56.6976829874798,5002.0,
5513,S.ISIDRO_33kV_1,ISID.TER,secondary,33.0,1,PQ,1.03617,-4.7457,-27.4428686377774,-55.9181895192309,5253.0,
5523,S.ISIDRO_33kV_2,ISID.TER,secondary,33.0,1,PQ,1.03754,-8.4283,-27.4428686377774,-55.9181895192309,5253.0,
5541,P.PATRIA_33kV_1,PPAT.TER2,secondary,33.0,1,PQ,1.04456,-11.837,-27.3836122730879,-58.6879250290168,5005.0,
5580,MERCEDES_33kV,MERC.TER,secondary,33.0,1,PQ,1.03873,-12.0109,-29.3558808805981,-57.7017029442354,5030.0,
5671,YACYRETA_13.2kV_1,YACYHI01,secondary,13.2,2,PV - active generator,1.00865,7.0476,-27.4827573404788,-56.7392780143688,5000.0,
5672,YACYRETA_13.2kV_2,YACYHI02,secondary,13.2,2,PV - active generator,1.00865,7.0476,-27.4827573404788,-56.7392780143688,5000.0,
5673,YACYRETA_13.2kV_3,YACYHI03,secondary,13.2,2,PV - active generator,1.00865,7.0476,-27.4827573404788,-56.7392780143688,5000.0,
5674,YACYRETA_13.2kV_4,YACYHI04,secondary,13.2,2,PV - active generator,1.00865,7.0476,-27.4827573404788,-56.7392780143688,5000.0,
5675,YACYRETA_13.2kV_5,YACYHI05,secondary,13.2,2,PV - active generator,1.00865,7.0476,-27.4827573404788,-56.7392780143688,5000.0,
5676,YACYRETA_13.2kV_6,YACYHI06,secondary,13.2,2,PV - active generator,1.00865,7.0476,-27.4827573404788,-56.7392780143688,5000.0,
5677,YACYRETA_13.2kV_7,YACYHI07,secondary,13.2,2,PV - active generator,1.00865,7.0476,-27.4827573404788,-56.7392780143688,5000.0,
5678,YACYRETA_13.2kV_8,YACYHI08,secondary,13.2,2,PV - active generator,1.00865,7.0476,-27.4827573404788,-56.7392780143688,5000.0,
5679,YACYRETA_13.2kV_9,YACYHI09,secondary,13.2,2,PV - active generator,1.00865,7.0476,-27.4827573404788,-56.7392780143688,5000.0,
5680,YACYRETA_13.2kV_10,YACYHI10,secondary,13.2,2,PV - active generator,1.00865,7.0476,-27.4827573404788,-56.7392780143688,5000.0,
5681,YACYRETA_13.2kV_11,YACYHI11,secondary,13.2,2,PV - active generator,1.00865,7.0476,-27.4827573404788,-56.7392780143688,5000.0,
5682,YACYRETA_13.2kV_12,YACYHI12,secondary,13.2,2,PV - active generator,1.00865,7.0476,-27.4827573404788,-56.7392780143688,5000.0,
5683,YACYRETA_13.2kV_13,YACYHI13,secondary,13.2,2,PV - active generator,1.00865,7.0476,-27.4827573404788,-56.7392780143688,5000.0,
5684,YACYRETA_13.2kV_14,YACYHI14,secondary,13.2,2,PV - active generator,1.00865,7.0476,-27.4827573404788,-56.7392780143688,5000.0,
5685,YACYRETA_13.2kV_15,YACYHI15,secondary,13.2,2,PV - active generator,1.00865,7.0476,-27.4827573404788,-56.7392780143688,5000.0,
5686,YACYRETA_13.2kV_16,YACYHI16,secondary,13.2,2,PV - active generator,1.00865,7.0476,-27.4827573404788,-56.7392780143688,5000.0,
5687,YACYRETA_13.2kV_17,YACYHI17,secondary,13.2,4,isolated - unit offline in snapshot,1.0,0.0,-27.4827573404788,-56.7392780143688,5000.0,
5688,YACYRETA_13.2kV_18,YACYHI18,secondary,13.2,2,PV - active generator,1.00865,7.0476,-27.4827573404788,-56.7392780143688,5000.0,
5689,YACYRETA_13.2kV_19,YACYHI19,secondary,13.2,4,isolated - unit offline in snapshot,1.0,0.0,-27.4827573404788,-56.7392780143688,5000.0,
5690,YACYRETA_13.2kV_20,YACYHI20,secondary,13.2,4,isolated - unit offline in snapshot,1.0,0.0,-27.4827573404788,-56.7392780143688,5000.0,
5810,CHACO_33kV,CHA.TER1,secondary,33.0,1,PQ,1.01197,-9.0041,-26.865431449202,-60.4393422923129,5016.0,
5829,GRANFORMOSA_33kV_1,FOR.TER1,secondary,33.0,1,PQ,1.03189,-16.9945,-26.0963094079528,-58.2484575731584,5006.0,
5842,GRANFORMOSA_33kV_2,FOR.TER2,secondary,33.0,1,PQ,1.0439,-12.7853,-26.0963094079528,-58.2484575731584,5006.0,
5998,P.PATRIA_33kV_2,PPAT.TER,secondary,33.0,1,PQ,1.03663,-11.1108,-27.3836122730879,-58.6879250290168,5005.0,
6200,ALMAFUE._132kV_1,ALMAFUE1,secondary,132.0,1,PQ,1.01211,2.1438,-32.2066325633421,-64.3172936337941,6000.0,
6202,ALMAFUE._132kV_2,ALMAFUE2,secondary,132.0,1,PQ,1.01314,2.6733,-32.2066325633421,-64.3172936337941,6000.0,
6203,A.CABRAL_132kV,A.CABRAL,secondary,132.0,1,PQ,1.02448,-1.295,-32.4968032794478,-63.4232485019168,6002.0,
6205,LUJAN.SL_132kV_1,LUJAN.SL2,secondary,132.0,1,PQ,1.04054,10.4956,-32.3689432710151,-66.0651644799568,6010.0,
6252,MALVINAS_132kV,MALVINAS,secondary,132.0,1,PQ,0.9877,-3.8773,-31.339918523621,-63.9129519775517,6006.0,
6286,LUJAN.SL_132kV_2,LUJAN.SL,secondary,132.0,1,PQ,1.03264,9.5839,-32.3689432710151,-66.0651644799568,6010.0,
6521,MALVINAS_34.5kV_1,MALVINA1,secondary,34.5,1,PQ,0.94686,-3.3801,-31.339918523621,-63.9129519775517,6006.0,
6522,MALVINAS_34.5kV_2,MALVINA2,secondary,34.5,1,PQ,0.94733,-3.2714,-31.339918523621,-63.9129519775517,6006.0,
6534,LUJAN.SL_33kV_1,LUJA.TER,secondary,33.0,1,PQ,1.0308,9.5048,-32.3689432710151,-66.0651644799568,6010.0,
6544,LUJAN.SL_33kV_2,LUJATER2,secondary,33.0,1,PQ,1.03136,9.5289,-32.3689432710151,-66.0651644799568,6010.0,
6584,LUJAN.SL_33kV_3,LUJA33_03,secondary,33.0,1,PQ,1.05441,10.8896,-32.3689432710151,-66.0651644799568,6010.0,
6600,EMBALSE_22kV,EMBANUCL,secondary,22.0,2,PV - active generator,1.01714,13.1037,-32.2337311061056,-64.4426019849936,6004.0,
6671,R.GRANDE_16.5kV_1,RGDEHB01,secondary,16.5,2,PV - active generator,1.01455,8.4263,-32.2215703537888,-64.6364544160384,6008.0,
6672,R.GRANDE_16.5kV_2,RGDEHB02,secondary,16.5,2,PV - active generator,1.016,13.3953,-32.2215703537888,-64.6364544160384,6008.0,
6673,R.GRANDE_16.5kV_3,RGDEHB03,secondary,16.5,2,PV - active generator,1.016,13.3078,-32.2215703537888,-64.6364544160384,6008.0,
6674,R.GRANDE_16.5kV_4,RGDEHB04,secondary,16.5,2,PV - active generator,1.01456,8.4263,-32.2215703537888,-64.6364544160384,6008.0,
6800,ALMAFUE._13.8kV_1,ALMAFUE1,secondary,13.8,1,PQ,0.96898,2.4619,-32.2066325633421,-64.3172936337941,6000.0,
6801,ALMAFUE._13.8kV_2,ALMAFUE2,secondary,13.8,1,PQ,0.96904,2.577,-32.2066325633421,-64.3172936337941,6000.0,
6802,A.CABRAL_33kV,ACAB.TER,secondary,33.0,1,PQ,1.02129,-1.5774,-32.4968032794478,-63.4232485019168,6002.0,
6870,MALVINAS_33kV,MALV33_03,secondary,33.0,1,PQ,0.98725,-3.2972,-31.339918523621,-63.9129519775517,6006.0,
6890,ALMAFUE._13.8kV_3,ALMAFUE3,secondary,13.8,1,PQ,0.96767,1.9481,-32.2066325633421,-64.3172936337941,6000.0,
7104,GRAN MZA_220kV,GRAN MZA,secondary,220.0,1,PQ,1.02044,18.3533,-33.0978701376966,-68.5819527023553,7000.0,
7114,RDIAMANT_220kV,RIODIAMA,secondary,220.0,1,PQ,1.01355,23.349,-34.5499519061555,-68.5937205912323,7002.0,
7203,NVA.SJUAN_132kV,NVA.SJUAN,secondary,132.0,1,PQ,0.99749,17.132,-31.5652484898259,-68.6190063264808,7010.0,
7216,GRAN MZA_132kV,GRAN MZA,secondary,132.0,1,PQ,1.0162,15.6686,-33.0978701376966,-68.5819527023553,7000.0,
7514,RDIAMANT_33kV,RDI.TER1,secondary,33.0,1,PQ,1.00355,23.6946,-34.5499519061555,-68.5937205912323,7002.0,
7530,NVA.SJUAN_33kV,NSJ.TER1,secondary,33.0,1,PQ,0.99336,17.1805,-31.5652484898259,-68.6190063264808,7010.0,
7802,GRAN MZA_13.8kV_1,GME.TER1,secondary,13.8,1,PQ,0.97676,15.7291,-33.0978701376966,-68.5819527023553,7000.0,
7803,GRAN MZA_13.8kV_2,GME.TER2,secondary,13.8,1,PQ,0.97357,15.7037,-33.0978701376966,-68.5819527023553,7000.0,
7804,GRAN MZA_13.8kV_3,GME.TER3,secondary,13.8,1,PQ,0.97319,18.8423,-33.0978701376966,-68.5819527023553,7000.0,
8120,COBOS_345kV,COBOS,secondary,345.0,1,PQ,1.01185,17.2043,-24.7457443027573,-65.0471806841412,8007.0,
8214,BRACHO_132kV_1,C.T.TUC.,secondary,132.0,1,PQ,0.9858,11.2174,-26.9949090061457,-65.1655235459748,8000.0,
8230,BRACHO_132kV_2,BRACHO1,secondary,132.0,1,PQ,1.04401,5.6151,-26.9949090061457,-65.1655235459748,8000.0,
8232,BRACHO_132kV_3,BRACHO2,secondary,132.0,1,PQ,1.04597,4.911,-26.9949090061457,-65.1655235459748,8000.0,
8271,RIOJASUR_132kV,RIOJASUR,secondary,132.0,1,PQ,1.00284,8.7552,-29.397477189021,-66.5129361173079,8006.0,
8292,RECREO_132kV,RECREO,secondary,132.0,1,PQ,0.98415,6.9138,-29.2603963902811,-65.0574469228372,8002.0,
8300,JUANCITO_132kV,JUANCITO,secondary,132.0,1,PQ,1.00915,7.1023,-24.3767165060619,-64.9975373023046,8008.0,
8302,MQUEMADO_132kV,MQUEMADO,secondary,132.0,1,PQ,1.03436,0.4145,-25.8466539135473,-62.8165780633269,8010.0,
8313,SANTIAGO_132kV,SANTIAGO,secondary,132.0,1,PQ,1.01881,-3.5992,-27.8383906535058,-64.346174574397,8013.0,
8503,BRACHO_34.5kV_1,BRA.TER1,secondary,34.5,1,PQ,1.00336,5.9245,-26.9949090061457,-65.1655235459748,8000.0,
8504,BRACHO_34.5kV_2,BRA.TER2,secondary,34.5,1,PQ,1.00293,5.2637,-26.9949090061457,-65.1655235459748,8000.0,
8512,SANTIAGO_33kV,SAN.TER1,secondary,33.0,1,PQ,1.01535,-4.1557,-27.8383906535058,-64.346174574397,8013.0,
8514,RECREO_33kV,REC.TER1,secondary,33.0,1,PQ,0.98491,6.6311,-29.2603963902811,-65.0574469228372,8002.0,
8524,RECREO_13.2kV,REC.TER2,secondary,13.2,1,PQ,0.9406,7.143,-29.2603963902811,-65.0574469228372,8002.0,
8525,BRACHO_34.5kV_3,PLUSP,secondary,34.5,1,PQ,0.94208,11.1529,-26.9949090061457,-65.1655235459748,8000.0,
8526,RIOJASUR_13.2kV,RSUR13_01,secondary,13.2,1,PQ,0.96708,9.0426,-29.397477189021,-66.5129361173079,8006.0,
8560,RIOJASUR_33kV,RSUR13_02,secondary,33.0,1,PQ,0.96753,8.9724,-29.397477189021,-66.5129361173079,8006.0,
8614,BRACHO_15.7kV_1,SMTUTG02,secondary,15.7,2,PV - active generator,1.05,15.911,-26.9949090061457,-65.1655235459748,8000.0,
8615,BRACHO_15.7kV_2,SMTUTV01,secondary,15.7,2,PV - active generator,1.05,14.6807,-26.9949090061457,-65.1655235459748,8000.0,
8637,BRACHO_15.8kV,BRCHTG01,secondary,15.75,2,PV - active generator,1.05,15.5792,-26.9949090061457,-65.1655235459748,8000.0,
8803,MQUEMADO_33kV,MQM.TER1,secondary,33.0,1,PQ,1.03518,-0.0297,-25.8466539135473,-62.8165780633269,8010.0,
8804,JUANCITO_33kV,JTO.TER1,secondary,33.0,1,PQ,1.00238,6.78,-24.3767165060619,-64.9975373023046,8008.0,
8805,COBOS_34.5kV,COB.TER1,secondary,34.5,1,PQ,1.01395,18.2214,-24.7457443027573,-65.0471806841412,8007.0,
8809,COBOS_33kV,COB.TER1,secondary,33.0,1,PQ,1.05924,17.8729,-24.7457443027573,-65.0471806841412,8007.0,
8900,BRACHO_18kV,BRCHTV01,secondary,18.0,2,PV - active generator,1.05,15.4711,-26.9949090061457,-65.1655235459748,8000.0,
