gen_key,bus_name_origen,geosadi_name,bus_conexion500kv_name,nemo4,carrier,cammesa_units,n_cammesa_units,corrected_unit_name,reviewed,exclude,comment
7648-1,ANCHFV01,F.V. ANCHORIS,GRAN MZA_132kV,ANCH,solar,ANCHDI01|ANCHDI02|ANCHDI03|ANCHDI04,4,,,yes,Solar power plant with no equivalent in CAMMESA. Conflict arose because CAMMESA has plants with the same NEMO4 but classified as diesel generators.
4639-1,ASECTV,C.T. ARROYO SECO,R.OESTE_132kV_1,ASEC,steam,ASECTG01|ASECTG02,2,,,yes,18 MW power plant with no equivalent in CAMMESA.
1624-1,BANDEO01,P.E. LA BANDERITA,PUELCHE1_132kV,BAND,wind,BANDDI01|BANDEO,2,BANDEO,yes,,
2644-1,BBLMDI13,MOTOR. B.BLANCA,B.BLANCA_132kV_1,BBLM,diesel,BBLMDI01|BBLMDI02|BBLMDI03|BBLMDI04|BBLMDI05|BBLMDI06,6,BBLMDI01,yes,,"PSS/E name is abbreviated, manually matched to CAMMESA unit."
2644-2,BBLMDI13,MOTOR. B.BLANCA,B.BLANCA_132kV_1,BBLM,diesel,BBLMDI01|BBLMDI02|BBLMDI03|BBLMDI04|BBLMDI05|BBLMDI06,6,BBLMDI02,yes,,"PSS/E name is abbreviated, manually matched to CAMMESA unit."
2644-3,BBLMDI13,MOTOR. B.BLANCA,B.BLANCA_132kV_1,BBLM,diesel,BBLMDI01|BBLMDI02|BBLMDI03|BBLMDI04|BBLMDI05|BBLMDI06,6,BBLMDI03,yes,,"PSS/E name is abbreviated, manually matched to CAMMESA unit."
2651-4,BBLMDI46,MOTOR. B.BLANCA,B.BLANCA_132kV_1,BBLM,diesel,BBLMDI01|BBLMDI02|BBLMDI03|BBLMDI04|BBLMDI05|BBLMDI06,6,BBLMDI04,yes,,"PSS/E name is abbreviated, manually matched to CAMMESA unit."
2651-5,BBLMDI46,MOTOR. B.BLANCA,B.BLANCA_132kV_1,BBLM,diesel,BBLMDI01|BBLMDI02|BBLMDI03|BBLMDI04|BBLMDI05|BBLMDI06,6,BBLMDI05,yes,,"PSS/E name is abbreviated, manually matched to CAMMESA unit."
2651-6,BBLMDI46,MOTOR. B.BLANCA,B.BLANCA_132kV_1,BBLM,diesel,BBLMDI01|BBLMDI02|BBLMDI03|BBLMDI04|BBLMDI05|BBLMDI06,6,BBLMDI06,yes,,"PSS/E name is abbreviated, manually matched to CAMMESA unit."
2627-3,BROWTV01,GUILLERMO BROWN,GUIBROWN_20kV_3,BROW,ocgt,BROWTG01|BROWTG02,2,,,yes,Steam generator not found in CAMMESA or single-line diagrams. Excluded from model.
8608-1,CAIMDI13,CAIMANCITO,JUANCITO_132kV,CAIM,diesel,CAIMDI01|CAIMDI02|CAIMDI03|CAIMDI04|CAIMDI05,5,CAIMDI01,yes,,"PSS/E name is abbreviated, manually matched to CAMMESA unit."
8608-2,CAIMDI13,CAIMANCITO,JUANCITO_132kV,CAIM,diesel,CAIMDI01|CAIMDI02|CAIMDI03|CAIMDI04|CAIMDI05,5,CAIMDI02,yes,,"PSS/E name is abbreviated, manually matched to CAMMESA unit."
8608-3,CAIMDI13,CAIMANCITO,JUANCITO_132kV,CAIM,diesel,CAIMDI01|CAIMDI02|CAIMDI03|CAIMDI04|CAIMDI05,5,CAIMDI03,yes,,"PSS/E name is abbreviated, manually matched to CAMMESA unit."
8610-4,CAIMDI45,CAIMANCITO,JUANCITO_132kV,CAIM,diesel,CAIMDI01|CAIMDI02|CAIMDI03|CAIMDI04|CAIMDI05,5,CAIMDI04,yes,,"PSS/E name is abbreviated, manually matched to CAMMESA unit."
8610-5,CAIMDI45,CAIMANCITO,JUANCITO_132kV,CAIM,diesel,CAIMDI01|CAIMDI02|CAIMDI03|CAIMDI04|CAIMDI05,5,CAIMDI05,yes,,"PSS/E name is abbreviated, manually matched to CAMMESA unit."
6609-1,CALEFV01,P.S. C.A. LA CALERA S.L.,LUJAN.SL_132kV_1,CALE,solar,CALEFV|CALEHI,2,CALEFV,yes,,
4614-1,CGOMDI12,CATADA DE GOMEZ,S.TOME_132kV_2,CGOM,diesel,CGOMDI01|CGOMDI02|CGOMDI03|CGOMDI04,4,CGOMDI01,yes,,"PSS/E name is abbreviated, manually matched to CAMMESA unit."
4614-2,CGOMDI12,CATADA DE GOMEZ,S.TOME_132kV_2,CGOM,diesel,CGOMDI01|CGOMDI02|CGOMDI03|CGOMDI04,4,CGOMDI02,yes,,"PSS/E name is abbreviated, manually matched to CAMMESA unit."
4616-3,CGOMDI34,CATADA DE GOMEZ,S.TOME_132kV_2,CGOM,diesel,CGOMDI01|CGOMDI02|CGOMDI03|CGOMDI04,4,CGOMDI03,yes,,"PSS/E name is abbreviated, manually matched to CAMMESA unit."
4616-4,CGOMDI34,CATADA DE GOMEZ,S.TOME_132kV_2,CGOM,diesel,CGOMDI01|CGOMDI02|CGOMDI03|CGOMDI04,4,CGOMDI04,yes,,"PSS/E name is abbreviated, manually matched to CAMMESA unit."
437-1,CRIVTG78,CDRO RIVADAVIA,SCN_500_132kV,CRIV,ccgt,CRIVTG21|CRIVTG22|CRIVTG23|CRIVTG26,4,,,yes,"Power plant with no equivalent in CAMMESA, excluded from model."
437-2,CRIVTG78,CDRO RIVADAVIA,SCN_500_132kV,CRIV,ccgt,CRIVTG21|CRIVTG22|CRIVTG23|CRIVTG26,4,,,yes,"Power plant with no equivalent in CAMMESA, excluded from model."
6605-1,DFUNTG12,DEAN FUNES,MALVINAS_132kV,DFUN,ocgt,DFUNTG01|DFUNTG02,2,DFUNTG01,yes,,"PSS/E name is abbreviated, manually matched to CAMMESA unit."
6605-2,DFUNTG12,DEAN FUNES,MALVINAS_132kV,DFUN,ocgt,DFUNTG01|DFUNTG02,2,DFUNTG02,yes,,"PSS/E name is abbreviated, manually matched to CAMMESA unit."
3621-1,DIQUTG13,DIQUE,ABASTO_220kV,DIQU,ocgt,DIQUTG01|DIQUTG02|DIQUTG03|DIQUTG04,4,DIQUTG01,yes,,"PSS/E name is abbreviated, manually matched to CAMMESA unit."
3621-3,DIQUTG13,DIQUE,ABASTO_220kV,DIQU,ocgt,DIQUTG01|DIQUTG02|DIQUTG03|DIQUTG04,4,DIQUTG03,yes,,"PSS/E name is abbreviated, manually matched to CAMMESA unit."
3622-2,DIQUTG24,DIQUE,ABASTO_220kV,DIQU,ocgt,DIQUTG01|DIQUTG02|DIQUTG03|DIQUTG04,4,DIQUTG02,yes,,"PSS/E name is abbreviated, manually matched to CAMMESA unit."
3622-4,DIQUTG24,DIQUE,ABASTO_220kV,DIQU,ocgt,DIQUTG01|DIQUTG02|DIQUTG03|DIQUTG04,4,DIQUTG04,yes,,"PSS/E name is abbreviated, manually matched to CAMMESA unit."
3625-5,DIQUTG56,DIQUE,ABASTO_220kV,DIQU,ocgt,DIQUTG01|DIQUTG02|DIQUTG03|DIQUTG04,4,,,yes,"Power plant with no equivalent in CAMMESA, excluded from model."
3625-6,DIQUTG56,DIQUE,ABASTO_220kV,DIQU,ocgt,DIQUTG01|DIQUTG02|DIQUTG03|DIQUTG04,4,,,yes,"Power plant with no equivalent in CAMMESA, excluded from model."
3627-7,DIQUTG07,DIQUE,ABASTO_220kV,DIQU,ocgt,DIQUTG01|DIQUTG02|DIQUTG03|DIQUTG04,4,,,yes,"Power plant with no equivalent in CAMMESA, excluded from model."
8249-1,INDEPCCG,INDEPENDENCIA,BRACHO_132kV_3,INDE,ccgt,INDETG01|INDETG02,2,,,yes,"Power plant with no equivalent in CAMMESA, excluded from model."
8251-1,INDEPCCV,INDEPENDENCIA,BRACHO_132kV_3,INDE,ccgt,INDETG01|INDETG02,2,,,yes,"Power plant with no equivalent in CAMMESA, excluded from model."
8661-G,INDEVG,INDEPENDENCIA,BRACHO_132kV_3,INDE,ocgt,INDETG01|INDETG02,2,,,yes,"Power plant with no equivalent in CAMMESA, excluded from model."
8664-4,INDETV14,INDEPENDENCIA,BRACHO_132kV_3,INDE,steam,INDETG01|INDETG02,2,,,yes,"Power plant with no equivalent in CAMMESA, excluded from model."
8665-5,INDETV15,INDEPENDENCIA,BRACHO_132kV_3,INDE,steam,INDETG01|INDETG02,2,,,yes,"Power plant with no equivalent in CAMMESA, excluded from model."
6651-1,LEVAFV01,LEVALLE,HENDERS2_132kV,LEVA,solar,LEVATG01|LEVATG02,2,,,yes,"Power plant with no equivalent in CAMMESA, excluded from model."
8629-1,LRIOFV01,P.S. 360 ENERGY LA RIOJA,RIOJASUR_132kV,LRIO,solar,LRIOFV|LRIOTG21|LRIOTG22|LRIOTG23|LRIOTG24,5,LRIOFV,yes,,
8660-1,LRIOTG13,LA RIOJA,RIOJASUR_132kV,LRIO,ocgt,LRIOFV|LRIOTG21|LRIOTG22|LRIOTG23|LRIOTG24,5,LRIOTG21,yes,,"PSS/E name is abbreviated, manually matched to CAMMESA unit."
8660-2,LRIOTG13,LA RIOJA,RIOJASUR_132kV,LRIO,ocgt,LRIOFV|LRIOTG21|LRIOTG22|LRIOTG23|LRIOTG24,5,LRIOTG22,yes,,"PSS/E name is abbreviated, manually matched to CAMMESA unit."
8660-3,LRIOTG13,LA RIOJA,RIOJASUR_132kV,LRIO,ocgt,LRIOFV|LRIOTG21|LRIOTG22|LRIOTG23|LRIOTG24,5,LRIOTG23,yes,,"PSS/E name is abbreviated, manually matched to CAMMESA unit."
2685-1,MAT3EO01,P.E. MATACO III,B.BLANCA_132kV_2,MAT3,wind,MAT3EO|MAT3TG01|MAT3TG02|MAT3TG03|MAT3TG04,5,MAT3EO,yes,,
2640-5,MDAJTG57,MAR DE AJO,VIVORATA_132kV,MDAJ,ocgt,MDAJTG15|MDAJTG17,2,MDAJTG15,yes,,"PSS/E name is abbreviated, manually matched to CAMMESA unit."
2640-7,MDAJTG57,MAR DE AJO,VIVORATA_132kV,MDAJ,ocgt,MDAJTG15|MDAJTG17,2,MDAJTG17,yes,,"PSS/E name is abbreviated, manually matched to CAMMESA unit."
6631-1,MMARTG01,MARANZANA,A.CABRAL_132kV,MMAR,ccgt,MMARTG03|MMARTG04|MMARTG05|MMARTG06|MMARTG07|MMARTG08,6,,,yes,"Power plant with no equivalent in CAMMESA, excluded from model."
6632-2,MMARTG02,MARANZANA,A.CABRAL_132kV,MMAR,ccgt,MMARTG03|MMARTG04|MMARTG05|MMARTG06|MMARTG07|MMARTG08,6,,,yes,"Power plant with no equivalent in CAMMESA, excluded from model."
6650-9,MMARTV09,MARANZANA,ALMAFUE._132kV_1,MMAR,steam,MMARTG03|MMARTG04|MMARTG05|MMARTG06|MMARTG07|MMARTG08,6,,,yes,"Power plant with no equivalent in CAMMESA, excluded from model."
4608-1,OCAMDI12,VILLA OCAMPO,ROMANG_132kV,OCAM,diesel,OCAMDI01|OCAMDI02|OCAMDI03|OCAMDI04|OCAMDI05,5,OCAMDI01,yes,,"PSS/E name is abbreviated, manually matched to CAMMESA unit."
4608-2,OCAMDI12,VILLA OCAMPO,ROMANG_132kV,OCAM,diesel,OCAMDI01|OCAMDI02|OCAMDI03|OCAMDI04|OCAMDI05,5,OCAMDI02,yes,,"PSS/E name is abbreviated, manually matched to CAMMESA unit."
4612-3,OCAMDI35,VILLA OCAMPO,ROMANG_132kV,OCAM,diesel,OCAMDI01|OCAMDI02|OCAMDI03|OCAMDI04|OCAMDI05,5,OCAMDI03,yes,,"PSS/E name is abbreviated, manually matched to CAMMESA unit."
4612-4,OCAMDI35,VILLA OCAMPO,ROMANG_132kV,OCAM,diesel,OCAMDI01|OCAMDI02|OCAMDI03|OCAMDI04|OCAMDI05,5,OCAMDI04,yes,,"PSS/E name is abbreviated, manually matched to CAMMESA unit."
4612-5,OCAMDI35,VILLA OCAMPO,ROMANG_132kV,OCAM,diesel,OCAMDI01|OCAMDI02|OCAMDI03|OCAMDI04|OCAMDI05,5,OCAMDI05,yes,,"PSS/E name is abbreviated, manually matched to CAMMESA unit."
4617-1,PERZDI14,PEREZ SECCO,HENDERS2_132kV,PERZ,diesel,PERZDI01|PERZDI02|PERZDI03|PERZDI04|PERZDI05|PERZDI06|PERZDI07|PERZDI08,8,PERZDI01,yes,,"PSS/E name is abbreviated, manually matched to CAMMESA unit."
4617-2,PERZDI14,PEREZ SECCO,HENDERS2_132kV,PERZ,diesel,PERZDI01|PERZDI02|PERZDI03|PERZDI04|PERZDI05|PERZDI06|PERZDI07|PERZDI08,8,PERZDI02,yes,,"PSS/E name is abbreviated, manually matched to CAMMESA unit."
4617-3,PERZDI14,PEREZ SECCO,HENDERS2_132kV,PERZ,diesel,PERZDI01|PERZDI02|PERZDI03|PERZDI04|PERZDI05|PERZDI06|PERZDI07|PERZDI08,8,PERZDI03,yes,,"PSS/E name is abbreviated, manually matched to CAMMESA unit."
4617-4,PERZDI14,PEREZ SECCO,HENDERS2_132kV,PERZ,diesel,PERZDI01|PERZDI02|PERZDI03|PERZDI04|PERZDI05|PERZDI06|PERZDI07|PERZDI08,8,PERZDI04,yes,,"PSS/E name is abbreviated, manually matched to CAMMESA unit."
4618-5,PERZDI58,PEREZ SECCO,HENDERS2_132kV,PERZ,diesel,PERZDI01|PERZDI02|PERZDI03|PERZDI04|PERZDI05|PERZDI06|PERZDI07|PERZDI08,8,PERZDI05,yes,,"PSS/E name is abbreviated, manually matched to CAMMESA unit."
4618-6,PERZDI58,PEREZ SECCO,HENDERS2_132kV,PERZ,diesel,PERZDI01|PERZDI02|PERZDI03|PERZDI04|PERZDI05|PERZDI06|PERZDI07|PERZDI08,8,PERZDI06,yes,,"PSS/E name is abbreviated, manually matched to CAMMESA unit."
4618-7,PERZDI58,PEREZ SECCO,HENDERS2_132kV,PERZ,diesel,PERZDI01|PERZDI02|PERZDI03|PERZDI04|PERZDI05|PERZDI06|PERZDI07|PERZDI08,8,PERZDI07,yes,,"PSS/E name is abbreviated, manually matched to CAMMESA unit."
4618-8,PERZDI58,PEREZ SECCO,HENDERS2_132kV,PERZ,diesel,PERZDI01|PERZDI02|PERZDI03|PERZDI04|PERZDI05|PERZDI06|PERZDI07|PERZDI08,8,PERZDI08,yes,,"PSS/E name is abbreviated, manually matched to CAMMESA unit."
3681-1,PILBDI13,PILAR BSAS,RODRGUEZ_220kV_2,PILB,diesel,PILBDI01|PILBDI02|PILBDI03|PILBDI04|PILBDI05|PILBDI06,6,PILBDI01,yes,,"PSS/E name is abbreviated, manually matched to CAMMESA unit."
3681-2,PILBDI13,PILAR BSAS,RODRGUEZ_220kV_2,PILB,diesel,PILBDI01|PILBDI02|PILBDI03|PILBDI04|PILBDI05|PILBDI06,6,PILBDI02,yes,,"PSS/E name is abbreviated, manually matched to CAMMESA unit."
3681-3,PILBDI13,PILAR BSAS,RODRGUEZ_220kV_2,PILB,diesel,PILBDI01|PILBDI02|PILBDI03|PILBDI04|PILBDI05|PILBDI06,6,PILBDI03,yes,,"PSS/E name is abbreviated, manually matched to CAMMESA unit."
3687-4,PILBDI46,PILAR BSAS,RODRGUEZ_220kV_2,PILB,diesel,PILBDI01|PILBDI02|PILBDI03|PILBDI04|PILBDI05|PILBDI06,6,PILBDI04,yes,,"PSS/E name is abbreviated, manually matched to CAMMESA unit."
3687-5,PILBDI46,PILAR BSAS,RODRGUEZ_220kV_2,PILB,diesel,PILBDI01|PILBDI02|PILBDI03|PILBDI04|PILBDI05|PILBDI06,6,PILBDI05,yes,,"PSS/E name is abbreviated, manually matched to CAMMESA unit."
3687-6,PILBDI46,PILAR BSAS,RODRGUEZ_220kV_2,PILB,diesel,PILBDI01|PILBDI02|PILBDI03|PILBDI04|PILBDI05|PILBDI06,6,PILBDI06,yes,,"PSS/E name is abbreviated, manually matched to CAMMESA unit."
674-4,RCHITG04,RIO CHICO,ESPERANZ_220kV,RCHI,ocgt,RCHITG01|RCHITG02|RCHITG03,3,,,yes,"Power plant with no equivalent in CAMMESA, excluded from model."
7684-1,SANDFV01,Planta fotovoltaica Solar de los Andes (MATER),GRAN MZA_132kV,SAND,solar,SANDFV|SANDHI,2,SANDFV,,,"PSS/E name is abbreviated, manually matched to CAMMESA unit."
7691-1,SARCTG12,SARMIENTO SJ,NVA.SJUAN_132kV,SARC,ocgt,SARCTG21|SARCTG22|SARCTG23,3,SARCTG21,yes,,"PSS/E name is abbreviated, manually matched to CAMMESA unit."
7691-2,SARCTG12,SARMIENTO SJ,NVA.SJUAN_132kV,SARC,ocgt,SARCTG21|SARCTG22|SARCTG23,3,SARCTG22,yes,,"PSS/E name is abbreviated, manually matched to CAMMESA unit."
6630-1,SFRATG12,SAN FRANCISCO,MALVINAS_132kV,SFRA,ocgt,SFRATG01|SFRATG02,2,SFRATG01,yes,,"PSS/E name is abbreviated, manually matched to CAMMESA unit."
6630-2,SFRATG12,SAN FRANCISCO,MALVINAS_132kV,SFRA,ocgt,SFRATG01|SFRATG02,2,SFRATG02,yes,,"PSS/E name is abbreviated, manually matched to CAMMESA unit."
8675-1,TINOFV01,P.S. Tinogasta,BRACHO_132kV_3,TINO,solar,TINODI01|TINOFV,2,TINOFV,,,
2680-1,VGESTG12,VILLA GESELL,VIVORATA_132kV,VGES,ocgt,VGESTG11|VGESTG14|VGESTG16|VGESTG18,4,VGESTG18,yes,,CAMMESA reports 4 turbines while PSS/E only has 2. Using data from the two highest-generation units.
2680-2,VGESTG12,VILLA GESELL,VIVORATA_132kV,VGES,ocgt,VGESTG11|VGESTG14|VGESTG16|VGESTG18,4,VGESTG11,yes,,CAMMESA reports 4 turbines while PSS/E only has 2. Using data from the two highest-generation units.
6691-1,VMARTG12,VILLA MARIA,A.CABRAL_132kV,VMAR,ocgt,VMARTG01|VMARTG02|VMARTG03,3,VMARTG01,yes,,
6691-2,VMARTG12,VILLA MARIA,A.CABRAL_132kV,VMAR,ocgt,VMARTG01|VMARTG02|VMARTG03,3,VMARTG02,yes,,
