gen_key,bus_name_origen,geosadi_name,nemo,bus_conexion500kv,bus_conexion500kv_name,carrier,p_nom,lat,lon,n_jumps,path
406-1,CRIVTG26,CDRO RIVADAVIA,CRIV,461.0,SCN_500_132kV,ocgt,0.0,-45.81514536,-67.44448553,4.0,CRIVTG26 -> C.RIV.A -> C.RIV.A1 -> PT1-132M -> SCN_132
406-2,CRIVTG26,CDRO RIVADAVIA,CRIV,461.0,SCN_500_132kV,ocgt,0.0,-45.81514536,-67.44448553,4.0,CRIVTG26 -> C.RIV.A -> C.RIV.A1 -> PT1-132M -> SCN_132
409-1,CRIVTG21,CDRO RIVADAVIA,CRIV,461.0,SCN_500_132kV,ocgt,14.4,-45.81514536,-67.44448553,4.0,CRIVTG21 -> C.RIV.A -> C.RIV.A1 -> PT1-132M -> SCN_132
2620-1,ATU2NUCL,ATUCHA II,ATU2,2620.0,ATUCHA 2_21kV,nuclear,645.5654,-33.96725778,-59.20447619,0.0,
6600-1,EMBANUCL,EMBALSE,EMBA,6600.0,EMBALSE_22kV,nuclear,612.6206,-32.23170202,-64.44339765,0.0,
2610-1,ATUCNUCL,ATUCHA,ATUC,3120.0,RODRGUEZ_220kV_1,nuclear,334.89,-33.96704909,-59.20707389,3.0,ATUCNUCL -> ATUCHA 1 -> V. LIA -> RODRIGU1
1654-4,PAGUHI04,PIEDRA D AGUILA,PAGUHI,1654.0,P.AGUILA_15.7kV_4,hydro,360.0,-40.18983805,-69.99179417,0.0,
1651-1,PAGUHI01,PIEDRA D AGUILA,PAGUHI,1651.0,P.AGUILA_15.7kV_1,hydro,360.0,-40.18983805,-69.99179417,0.0,
1652-2,PAGUHI02,PIEDRA D AGUILA,PAGUHI,1652.0,P.AGUILA_15.7kV_2,hydro,360.0,-40.18983805,-69.99179417,0.0,
1653-3,PAGUHI03,PIEDRA D AGUILA,PAGUHI,1653.0,P.AGUILA_15.7kV_3,hydro,360.0,-40.18983805,-69.99179417,0.0,
2675-5,SNICTV15,SAN NICOLAS,SNIC,2105.0,RAMALLO_220kV,steam,263.6,-33.3562093,-60.17302726,2.0,SNICTV15 -> SNICOLAS -> RAMALLOA
3611-1,COSTTV10,COSTANERA,COST,3122.0,RODRGUEZ_220kV_2,ccgt,290.4,-34.62485385,-58.33970617,8.0,COSTTV10 -> COSTANER1 -> MALAVER2 -> MALAVER2 -> ROTOND2 -> HURLING2 -> MORON -> MORON 1 -> RODRIGU2
2697-3,GBELTV01,GRAL BELGRANO,GBEL,2697.0,BELGRANO1_20kV_3,ccgt,260.228,-34.18465152,-59.00618087,0.0,
4693-3,VOBLTV01,CT VUELTA OBLIG,VOBL,4693.0,R.COROND_15.8kV_3,ccgt,273.7,-32.58017875,-60.7902966,0.0,
2694-3,AESPTV01,AES-PARANA,AESP,2694.0,AES PARA_20kV,ccgt,294.81,-33.3548832,-60.17184631,0.0,
4697-3,TIMBTV01,CT TIMBUES(GSMA,TIMB,4697.0,R.COROND_20kV_3,ccgt,262.35,-32.57768852,-60.7908046,0.0,
2629-1,BBLATV29,BAHIA BLANCA,BBLA,2629.0,PBUENA1_20kV,steam,296.67,-38.78758101,-62.25409879,0.0,
3607-7,COSTTV07,COSTANERA,COST,3100.0,ABASTO_220kV,steam,222.5,-34.62485385,-58.33970617,4.0,COSTTV07 -> COSTANER2 -> HUDSON -> BOSQUES -> ABASTO
2630-2,BBLATV30,BAHIA BLANCA,BBLA,2630.0,PBUENA2_20kV,steam,296.67,-38.78758101,-62.25409879,0.0,
3619-1,EBARTV01,ENSE. BARRAGAN,EBAR,3100.0,ABASTO_220kV,steam,276.73,-34.85880926,-57.95227994,5.0,EBARTV01 -> ENS.BARRAG_1 -> P1 BAR-HUD -> HUDSON -> BOSQUES -> ABASTO
2626-2,BROWTG02,GUILLERMO BROWN,BROW,2626.0,GUIBROWN_20kV_2,ocgt,287.92,-38.68547162,-62.41424292,0.0,
4624-1,TER6TG11,COG Terminal 6,TER6,4624.0,TERMINAL_500_20kV,ocgt,285.36,-32.6647019,-60.75010668,0.0,
3618-2,EBARTG02,ENSE. BARRAGAN,EBAR,3100.0,ABASTO_220kV,ocgt,269.2874,-34.85880926,-57.95227994,5.0,EBARTG02 -> ENS.BARRAG_1 -> P1 BAR-HUD -> HUDSON -> BOSQUES -> ABASTO
3617-1,EBARTG01,ENSE. BARRAGAN,EBAR,3100.0,ABASTO_220kV,ocgt,271.5,-34.85880926,-57.95227994,5.0,EBARTG01 -> ENS.BARRAG_1 -> P1 BAR-HUD -> HUDSON -> BOSQUES -> ABASTO
3644-1,DSUDTV11,DOCK SUD,DSUD,3110.0,EZEIZA_220kV_1,ccgt,272.6495,-34.65318462,-58.34174439,-1.0,
4698-1,BLOPTG01,BRIGAD. LOPEZ,BLOP,4313.0,S.TOME_132kV_2,ccgt,279.91,-31.71020189,-60.78028146,4.0,BLOPTG01 -> BLOPEZ -> PI 2 BLO -> PI4 STO -> S.TOME 2
3669-1,CEPUTV10,NUEVO PUERTO,NPUE,3122.0,RODRGUEZ_220kV_2,ccgt,231.7,-34.57170662,-58.38211451,-1.0,
1606-1,ACAJTV07,AGUA DEL CAJON,CAPE,1203.0,A.CAJON_132kV_2,ccgt,256.7,-38.93631045,-68.35730715,1.0,ACAJTV07 -> ACAJON 3
8637-1,BRCHTG01,C.T BRACHO,BRCH,8637.0,BRACHO_15.8kV,ocgt,270.415,-26.99696942,-65.17048057,0.0,
2693-2,AESPTG02,AES-PARANA,AESP,2693.0,AES PARA_15kV_2,ccgt,253.2,-33.3548832,-60.17184631,0.0,
2696-2,GBELTG02,GRAL BELGRANO,GBEL,2696.0,BELGRANO1_20kV_2,ccgt,266.6,-34.18465152,-59.00618087,0.0,
2692-1,AESPTG01,AES-PARANA,AESP,2692.0,AES PARA_15kV_1,ccgt,253.2,-33.3548832,-60.17184631,0.0,
1611-1,ALICHI01,ALICURA,ALICHI,1611.0,ALICURA_13.8kV_1,hydro,262.5,-40.58419649,-70.74742631,0.0,
1612-2,ALICHI02,ALICURA,ALICHI,1612.0,ALICURA_13.8kV_2,hydro,262.5,-40.58419649,-70.74742631,0.0,
1613-3,ALICHI03,ALICURA,ALICHI,1613.0,ALICURA_13.8kV_3,hydro,262.5,-40.58419649,-70.74742631,0.0,
1614-4,ALICHI04,ALICURA,ALICHI,1614.0,ALICURA_13.8kV_4,hydro,262.5,-40.58419649,-70.74742631,0.0,
3609-1,COSTTG08,COSTANERA,COST,3110.0,EZEIZA_220kV_1,ccgt,255.1,-34.62485385,-58.33970617,-1.0,
3610-2,COSTTG09,COSTANERA,COST,3110.0,EZEIZA_220kV_1,ccgt,258.5,-34.62485385,-58.33970617,-1.0,
4692-2,VOBLTG02,CT VUELTA OBLIG,VOBL,4692.0,R.COROND_15.8kV_2,ccgt,264.8,-32.58017875,-60.7902966,0.0,
4695-1,TIMBTG01,CT TIMBUES(GSMA,TIMB,4695.0,R.COROND_20kV_1,ccgt,272.2,-32.57768852,-60.7908046,0.0,
4696-2,TIMBTG02,CT TIMBUES(GSMA,TIMB,4696.0,R.COROND_20kV_2,ccgt,267.3,-32.57768852,-60.7908046,0.0,
4691-1,VOBLTG01,CT VUELTA OBLIG,VOBL,4691.0,R.COROND_15.8kV_1,ccgt,262.0,-32.58017875,-60.7902966,0.0,
2695-1,GBELTG01,GRAL BELGRANO,GBEL,2695.0,BELGRANO1_20kV_1,ccgt,265.0,-34.18465152,-59.00618087,0.0,
3668-2,CEPUTG12,NUEVO PUERTO,NPUE,3122.0,RODRGUEZ_220kV_2,ccgt,242.1,-34.57170662,-58.38211451,9.0,CEPUTG12 -> CPUERTO2 -> P.N.ROJO -> AUSTRIA -> AGRON.RO -> CIUDADEL -> RMEJ.MAR -> MORON -> MORON 1 -> RODRIGU2
3667-1,CEPUTG11,NUEVO PUERTO,NPUE,3122.0,RODRGUEZ_220kV_2,ccgt,252.1108,-34.57170662,-58.38211451,-1.0,
3646-2,DSUDTG09,DOCK SUD,DSUD,3110.0,EZEIZA_220kV_1,ccgt,274.92,-34.65318462,-58.34174439,-1.0,
3645-1,DSUDTG10,DOCK SUD,DSUD,3110.0,EZEIZA_220kV_1,ccgt,275.058,-34.65318462,-58.34174439,-1.0,
3679-9,PNUETV09,PUERTO NUEVO,PNUE,3122.0,RODRGUEZ_220kV_2,steam,237.2,-34.57570224,-58.37604732,-1.0,
2625-1,BROWTG01,GUILLERMO BROWN,BROW,2625.0,GUIBROWN_20kV_1,ocgt,287.624,-38.68547162,-62.41424292,0.0,
3666-6,NPUETV06,NUEVO PUERTO,NPUE,3122.0,RODRGUEZ_220kV_2,steam,233.2,-34.57170662,-58.38211451,-1.0,
3643-3,GEBATV01,C.T. GENELBA,GEBA,3643.0,EZE GENETV03_15.8kV_1,ccgt,230.88,-34.90221112,-58.73347259,0.0,
8623-2,TANDTG02,TERMOANDES,TAND,8120.0,COBOS_345kV,ocgt,203.914,-24.74379602,-65.0519014,1.0,TANDTG02 -> COBOS
8624-1,TANDTV01,TERMOANDES,TAND,8120.0,COBOS_345kV,ocgt,205.0,-24.74379602,-65.0519014,1.0,TANDTV01 -> COBOS
8622-1,TANDTG01,TERMOANDES,TAND,8120.0,COBOS_345kV,ocgt,203.914,-24.74379602,-65.0519014,1.0,TANDTG01 -> COBOS
1691-1,PBANHI01,P. BANDERITA,PBANHI,1691.0,P.BAND._16kV_1,hydro,239.7,-38.55960664,-68.47444599,0.0,
1692-2,PBANHI02,P. BANDERITA,PBANHI,1692.0,P.BAND._16kV_2,hydro,239.7,-38.55960664,-68.47444599,0.0,
3641-1,GEBATG01,C.T. GENELBA,GEBA,3641.0,EZE.GENETG01_15.8kV,ccgt,222.07,-34.90221112,-58.73347259,0.0,
3642-2,GEBATG02,C.T. GENELBA,GEBA,3642.0,EZE GENETG02_15.8kV,ccgt,222.07,-34.90221112,-58.73347259,0.0,
3608-8,BSASTG01,BUENOS AIRES,BSAS,3100.0,ABASTO_220kV,ccgt,186.0,-34.62636803,-58.33730209,4.0,BSASTG01 -> COSTANER2 -> HUDSON -> BOSQUES -> ABASTO
8900-1,BRCHTV01,C.T BRACHO,BRCH,8900.0,BRACHO_18kV,steam,199.0,-26.99696942,-65.17048057,0.0,
1662-2,CHOCHI02,CHOCON,CHOCHI,1662.0,C.H.CHOC_16kV_2,hydro,215.0,-39.2658473,-68.7560383,0.0,
1661-1,CHOCHI01,CHOCON,CHOCHI,1661.0,C.H.CHOC_16kV_1,hydro,215.0,-39.2658473,-68.7560383,0.0,
1663-3,CHOCHI03,CHOCON,CHOCHI,1663.0,C.H.CHOC_16kV_3,hydro,215.0,-39.2658473,-68.7560383,0.0,
1664-4,CHOCHI04,CHOCON,CHOCHI,1664.0,C.H.CHOC_16kV_4,hydro,215.0,-39.2658473,-68.7560383,0.0,
1665-5,CHOCHI05,CHOCON,CHOCHI,1665.0,C.H.CHOC_16kV_5,hydro,215.0,-39.2658473,-68.7560383,0.0,
1666-6,CHOCHI06,CHOCON,CHOCHI,1666.0,C.H.CHOC_16kV_6,hydro,215.0,-39.2658473,-68.7560383,0.0,
7645-G,LDCUTG25,LUJAN DE CUYO,LDCU,7216.0,GRAN MZA_132kV,ccgt,194.72,-33.05568314,-68.98082788,3.0,LDCUTG25 -> LUJ.CUYO -> CRUZPIED -> GRAN MZA
3678-8,PNUETV08,PUERTO NUEVO,PNUE,3122.0,RODRGUEZ_220kV_2,steam,117.9,-34.57570224,-58.37604732,-1.0,
3658-1,GEBATV02,C.T. GENELBA,GEBA,3110.0,EZEIZA_220kV_1,steam,193.63,-34.90221112,-58.73347259,3.0,GEBATV02 -> GEBATV132 -> EZE2132 -> EZEIZA 2
6672-2,RGDEHB02,RIO GRANDE,RGDEHB,6672.0,R.GRANDE_16.5kV_2,pumped_hydro,94.0,-32.22339976,-64.63877892,0.0,
6671-1,RGDEHB01,RIO GRANDE,RGDEHB,6671.0,R.GRANDE_16.5kV_1,pumped_hydro,94.0,-32.22339976,-64.63877892,0.0,
6673-3,RGDEHB03,RIO GRANDE,RGDEHB,6673.0,R.GRANDE_16.5kV_3,pumped_hydro,94.0,-32.22339976,-64.63877892,0.0,
6674-4,RGDEHB04,RIO GRANDE,RGDEHB,6674.0,R.GRANDE_16.5kV_4,pumped_hydro,94.0,-32.22339976,-64.63877892,0.0,
3690-1,GEBATG04,C.T. GENELBA,GEBA,3690.0,EZE GENETV03_15.8kV,ocgt,185.9,-34.90221112,-58.73347259,0.0,
3647-4,GEBATG03,C.T. GENELBA,GEBA,3647.0,EZE GENETV03_15.8kV_2,ocgt,181.5,-34.90221112,-58.73347259,0.0,
1674-1,LDLATV01,CT NEUQUEN,LDLA,1674.0,L.LATA_15.8kV,ccgt,172.26,-38.51265798,-68.60617036,0.0,
2910-1,TEROEO01,P.E. LOS TEROS,TEROEO,2298.0,OLAVARRI_132kV_2,wind,122.6,-37.12948197,-59.75992338,3.0,TEROEO01 -> LTERO33_01 -> LOSTEROS -> OLAVARR2
4619-1,RENOTG01,RENOVA ALBANESI,RENO,4390.0,R.COROND_132kV,ccgt,172.0,-32.58716291,-60.7924301,2.0,RENOTG01 -> GEN.RENOVA -> R.COROND
6657-1,PILATV10,PILAR,PILA,6252.0,MALVINAS_132kV,steam,157.4816,-31.66775671,-63.83403136,3.0,PILATV10 -> PILARII2 -> MONTECRISTO -> MALVINAS
2606-1,ARGETG01,CO. ARGENER,ARGE,3120.0,RODRGUEZ_220kV_1,ocgt,0.0,-33.36535851,-60.14357217,4.0,ARGETG01 -> ARGENER -> RAMALLOB -> V. LIA -> RODRIGU1
5671-1,YACYHI01,YACYRETA,YACYHI,5671.0,YACYRETA_13.2kV_1,hydro,132.525,-27.48275734,-56.73927801,0.0,
5677-7,YACYHI07,YACYRETA,YACYHI,5677.0,YACYRETA_13.2kV_7,hydro,132.525,-27.48275734,-56.73927801,0.0,
5679-9,YACYHI09,YACYRETA,YACYHI,5679.0,YACYRETA_13.2kV_9,hydro,132.525,-27.48275734,-56.73927801,0.0,
5678-8,YACYHI08,YACYRETA,YACYHI,5678.0,YACYRETA_13.2kV_8,hydro,132.525,-27.48275734,-56.73927801,0.0,
5675-5,YACYHI05,YACYRETA,YACYHI,5675.0,YACYRETA_13.2kV_5,hydro,132.525,-27.48275734,-56.73927801,0.0,
5676-6,YACYHI06,YACYRETA,YACYHI,5676.0,YACYRETA_13.2kV_6,hydro,132.525,-27.48275734,-56.73927801,0.0,
5681-1,YACYHI11,YACYRETA,YACYHI,5681.0,YACYRETA_13.2kV_11,hydro,132.525,-27.48275734,-56.73927801,0.0,
5674-4,YACYHI04,YACYRETA,YACYHI,5674.0,YACYRETA_13.2kV_4,hydro,132.525,-27.48275734,-56.73927801,0.0,
5673-3,YACYHI03,YACYRETA,YACYHI,5673.0,YACYRETA_13.2kV_3,hydro,132.525,-27.48275734,-56.73927801,0.0,
5680-1,YACYHI10,YACYRETA,YACYHI,5680.0,YACYRETA_13.2kV_10,hydro,132.525,-27.48275734,-56.73927801,0.0,
5684-4,YACYHI14,YACYRETA,YACYHI,5684.0,YACYRETA_13.2kV_14,hydro,132.525,-27.48275734,-56.73927801,0.0,
5682-2,YACYHI12,YACYRETA,YACYHI,5682.0,YACYRETA_13.2kV_12,hydro,132.525,-27.48275734,-56.73927801,0.0,
5683-3,YACYHI13,YACYRETA,YACYHI,5683.0,YACYRETA_13.2kV_13,hydro,132.525,-27.48275734,-56.73927801,0.0,
5690-1,YACYHI20,YACYRETA,YACYHI,5690.0,YACYRETA_13.2kV_20,hydro,132.525,-27.48275734,-56.73927801,0.0,
5689-9,YACYHI19,YACYRETA,YACYHI,5689.0,YACYRETA_13.2kV_19,hydro,132.525,-27.48275734,-56.73927801,0.0,
5685-5,YACYHI15,YACYRETA,YACYHI,5685.0,YACYRETA_13.2kV_15,hydro,132.525,-27.48275734,-56.73927801,0.0,
5688-8,YACYHI18,YACYRETA,YACYHI,5688.0,YACYRETA_13.2kV_18,hydro,132.525,-27.48275734,-56.73927801,0.0,
5686-6,YACYHI16,YACYRETA,YACYHI,5686.0,YACYRETA_13.2kV_16,hydro,132.525,-27.48275734,-56.73927801,0.0,
5672-2,YACYHI02,YACYRETA,YACYHI,5672.0,YACYRETA_13.2kV_2,hydro,132.525,-27.48275734,-56.73927801,0.0,
5687-7,YACYHI17,YACYRETA,YACYHI,5687.0,YACYRETA_13.2kV_17,hydro,132.525,-27.48275734,-56.73927801,0.0,
8613-3,TUCUTV01,C.T. TUCUMAN,TUCU,8214.0,BRACHO_132kV_1,ccgt,140.128,-26.99733869,-65.16808023,-1.0,
4650-1,SORRTV13,SORRENTO,SORR,4284.0,R.OESTE_132kV_2,steam,84.78,-32.90512698,-60.68026732,4.0,SORRTV13 -> SORRENTO -> PZASORR3 -> P.UNIDAS -> ROS.OES3
6656-1,PILATG12,PILAR,PILA,6200.0,ALMAFUE._132kV_1,ocgt,162.7209,-31.66775671,-63.83403136,3.0,PILATG12 -> PILARII1 -> PILAR A -> ALMAFUE1
6655-1,PILATG11,PILAR,PILA,6252.0,MALVINAS_132kV,ocgt,163.9949,-31.66775671,-63.83403136,3.0,PILATG11 -> PILARII2 -> MONTECRISTO -> MALVINAS
8615-3,SMTUTV01,S.M. DE TUCUMAN,SMTU,8615.0,BRACHO_15.7kV_2,ccgt,136.9,-26.9934191,-65.16842295,0.0,
680-1,PMA2EO01,P. MADRYN II ENARSA,PMA2EO,221.0,NPMADRYN_132kV,wind,155.0,-42.70412076,-65.28423885,4.0,PMA2EO01 -> PEM33_03 -> PEM33_01 -> PE_PMADR -> PMADRYN2
3677-7,PNUETV07,PUERTO NUEVO,PNUE,3100.0,ABASTO_220kV,steam,114.7145,-34.57570224,-58.37604732,8.0,PNUETV07 -> P.N.CELE -> EMP.PNUEVO -> AZOPA.CE -> AZOPARDO -> COSTANER2 -> HUDSON -> BOSQUES -> ABASTO
8612-2,TUCUTG02,C.T. TUCUMAN,TUCU,8214.0,BRACHO_132kV_1,ccgt,143.21,-26.99733869,-65.16808023,-1.0,
8611-1,TUCUTG01,C.T. TUCUMAN,TUCU,8214.0,BRACHO_132kV_1,ccgt,143.21,-26.99733869,-65.16808023,-1.0,
4699-1,BLOPTV01,BRIGAD. LOPEZ,BLOP,4312.0,S.TOME_132kV_1,ccgt,92.0757,-31.71020189,-60.78028146,4.0,BLOPTV01 -> BLOPEZ_2 -> BLO-PAY_1 -> PAYZUME -> S.TOME 1
2658-1,PEP6EO,P.E. PAMPA ENERGÍA VI (MATER),PEP6,2005.0,T PEPE,wind,138.0,-38.66417721,-61.95892303,3.0,PEP6EO -> PEPE 33 01 -> PEPE 33 02 -> T PEPE
4601-1,SGDEHI01,S. GRANDE ARG,SGDEHIAR,4601.0,SGAC1500_13.8kV_1,hydro,64.3571,-31.27378206,-57.94126545,0.0,
4603-3,SGDEHI03,S. GRANDE ARG,SGDEHIAR,4603.0,SGAC2500_13.8kV_1,hydro,64.3571,-31.27378206,-57.94126545,0.0,
4604-4,SGDEHI04,S. GRANDE ARG,SGDEHIAR,4604.0,SGAC2500_13.8kV_2,hydro,64.3571,-31.27378206,-57.94126545,0.0,
4605-5,SGDEHI05,S. GRANDE ARG,SGDEHIAR,4605.0,SGAC3500_13.8kV_1,hydro,64.3571,-31.27378206,-57.94126545,0.0,
4606-6,SGDEHI06,S. GRANDE ARG,SGDEHIAR,4606.0,SGAC3500_13.8kV_2,hydro,64.3571,-31.27378206,-57.94126545,0.0,
4613-7,SGDEHI13,S. GRANDE ARG,SGDEHIAR,4613.0,SGAC4500_13.8kV_1,hydro,64.3571,-31.27378206,-57.94126545,0.0,
8653-3,GUEMTV13,GUEMES,GUEM,8300.0,JUANCITO_132kV,steam,126.495,-24.68926954,-65.04172111,2.0,GUEMTV13 -> GUEMES -> JUANCITO
4602-2,SGDEHI02,S. GRANDE ARG,SGDEHIAR,4602.0,SGAC1500_13.8kV_2,hydro,64.3571,-31.27378206,-57.94126545,0.0,
1600-6,ACAJTG06,AGUA DEL CAJON,CAPE,1200.0,A.CAJON_132kV_1,ccgt,129.5526,-38.93631045,-68.35730715,1.0,ACAJTG06 -> ACAJON 1
102-1,FUTAHI01,FUTALEUFU,FUTAHI,224.0,NPMADRYN_330kV,hydro,132.5,-43.1291857,-71.62994869,3.0,FUTAHI01 -> FUTAL330 -> PMADR330 -> NPMAD330
104-1,FUTAHI02,FUTALEUFU,FUTAHI,224.0,NPMADRYN_330kV,hydro,132.5,-43.1291857,-71.62994869,3.0,FUTAHI02 -> FUTAL330 -> PMADR330 -> NPMAD330
106-1,FUTAHI03,FUTALEUFU,FUTAHI,224.0,NPMADRYN_330kV,hydro,132.5,-43.1291857,-71.62994869,3.0,FUTAHI03 -> FUTAL330 -> PMADR330 -> NPMAD330
108-1,FUTAHI04,FUTALEUFU,FUTAHI,224.0,NPMADRYN_330kV,hydro,132.5,-43.1291857,-71.62994869,3.0,FUTAHI04 -> FUTAL330 -> PMADR330 -> NPMAD330
3620-1,ENSETG01,CO. ENSENADA,ENSE,3100.0,ABASTO_220kV,ocgt,62.6066,-34.89178136,-57.92335836,7.0,ENSETG01 -> ENSENADA -> YPF-ENSE -> LA PLATA E -> LA PLATA S -> LA PLATA1 -> LA PLATA -> ABASTO
5609-1,PINFFV01,P.S. PAMPA DEL INFIERNO,PINFFV,5237.0,CHACO_132kV,solar,132.0,-26.49330827,-61.20080628,5.0,PINFFV01 -> PS.P.INF -> PS.P.INF -> P.INFIER -> PI.P.INF -> CHACO
1673-3,LDLATG03,CT NEUQUEN,LDLA,1673.0,L.LATA_11.5kV_3,ocgt,120.783,-38.51265798,-68.60617036,0.0,
1672-2,LDLATG02,CT NEUQUEN,LDLA,1672.0,L.LATA_11.5kV_2,ocgt,121.4543,-38.51265798,-68.60617036,0.0,
1671-1,LDLATG01,CT NEUQUEN,LDLA,1671.0,L.LATA_11.5kV_1,ocgt,118.3674,-38.51265798,-68.60617036,0.0,
1630-1,ROCATG01,TERMOROCA,ROCA,1268.0,P.BAND._132kV,ocgt,128.7,-38.94593521,-67.60085988,5.0,ROCATG01 -> T. ROCA -> C.ALLEN -> 5 SALTOS -> PPBAND -> P.BAND.
3601-1,COSTTV01,COSTANERA,COST,3110.0,EZEIZA_220kV_1,steam,84.12,-34.62485385,-58.33970617,-1.0,
604-1,LEONEO01,PE CAÑADON LEON,LEON,461.0,SCN_500_132kV,wind,103.0,-46.58811447,-67.64421076,4.0,LEONEO01 -> C.LEON33_02 -> C.LEON33_01 -> C.LEON -> SCN_132
523-1,RTURTV01,RIO TURBIO,RTUR,117.0,ESPERANZ_220kV,steam,0.0,-51.54611976,-72.23114286,2.0,RTURTV01 -> R.TURBIO -> ESPERANZ
525-2,RTURTV02,RIO TURBIO,RTUR,117.0,ESPERANZ_220kV,steam,0.0,-51.54611976,-72.23114286,2.0,RTURTV02 -> R.TURBIO -> ESPERANZ
8614-2,SMTUTG02,S.M. DE TUCUMAN,SMTU,8614.0,BRACHO_15.7kV_1,ccgt,115.5,-26.9934191,-65.16842295,0.0,
8640-3,CAU3FV01,P.S. CAUCHARI 3,CAU3FV,8120.0,COBOS_345kV,solar,105.0,-24.08620823,-66.71964002,-1.0,
8638-1,CAU1FV01,P.S. CAUCHARI 1,CAU1FV,8120.0,COBOS_345kV,solar,105.0,-24.10569637,-66.70784346,-1.0,
8639-2,CAU2FV01,P.S. CAUCHARI 2,CAU2FV,8120.0,COBOS_345kV,solar,105.0,-24.09710935,-66.71327361,-1.0,
2648-1,LCASEO01,P.E. LA CASTELLANA,LCASEO,2206.0,B.BLANCA_132kV_1,wind,100.8,-38.62858648,-62.70867806,7.0,LCASEO01 -> CAST33_02 -> CAST33_01 -> CASTELLA -> PI CHA-LCAS -> CHANARES -> NORTE II -> B.BCA 1
3602-2,COSTTV02,COSTANERA,COST,3110.0,EZEIZA_220kV_1,steam,84.7,-34.62485385,-58.33970617,-1.0,
8600-1,SMTUTG01,S.M. DE TUCUMAN,SMTU,8614.0,BRACHO_15.7kV_1,ccgt,108.36,-26.9934191,-65.16842295,-1.0,
7632-2,LREYHB02,LOS REYUNOS,LREYHB,7104.0,GRAN MZA_220kV,hydro,111.5,-34.60296358,-68.63840013,2.0,LREYHB02 -> REYUNOS -> GRAN MZA
7631-1,LREYHB01,LOS REYUNOS,LREYHB,7104.0,GRAN MZA_220kV,hydro,111.5,-34.60296358,-68.63840013,2.0,LREYHB01 -> REYUNOS -> GRAN MZA
1658-1,POM1EO01,P.E. POMONA I,POM1EO,1226.0,CH.CHOEL_132kV,wind,104.0,-39.55933427,-65.72693939,3.0,POM1EO01 -> POMO33_01 -> POMONA -> CH.CHOEL
6627-1,SLUNEO01,P.E. SAN LUIS NORTE,SLUNEO,6205.0,LUJAN.SL_132kV_1,wind,107.2593,-32.77535456,-66.34614068,5.0,SLUNEO01 -> CTE33 -> BARRIAL -> PPC_SLUNEO -> BARRIAL -> LUJAN.SL2
3603-3,COSTTV03,COSTANERA,COST,3110.0,EZEIZA_220kV_1,steam,81.184,-34.62485385,-58.33970617,-1.0,
8603-2,PPNOTG02,PLUSPETROL NORT,PPNO,8525.0,BRACHO_34.5kV_3,ocgt,115.557,-26.99548533,-65.16142254,-1.0,
8602-1,PPNOTG01,PLUSPETROL NORT,PPNO,8525.0,BRACHO_34.5kV_3,ocgt,112.8,-26.99548533,-65.16142254,-1.0,
8654-1,GUEMTG01,GUEMES,GUEM,8300.0,JUANCITO_132kV,ocgt,98.5,-24.68926954,-65.04172111,2.0,GUEMTG01 -> GUEMES -> JUANCITO
3665-5,NPUETV05,NUEVO PUERTO,NPUE,3122.0,RODRGUEZ_220kV_2,steam,103.6,-34.57170662,-58.38211451,-1.0,
1677-5,LDLATG05,CT NEUQUEN,LDLA,1677.0,L.LATA_11.5kV_5,ocgt,105.0,-38.51265798,-68.60617036,0.0,
8645-1,AR21EO01,P.E. ARAUCO II (ETAPA 1 Y 2),AR21EO,8271.0,RIOJASUR_132kV,wind,113.0,-28.71325137,-66.70538536,4.0,AR21EO01 -> ARA233_12 -> ARA233_01 -> ARAUCO_2 -> RIOJASUR
3605-5,BSASTV01,BUENOS AIRES,BSAS,3100.0,ABASTO_220kV,ccgt,82.958,-34.62636803,-58.33730209,5.0,BSASTV01 -> COST.AZU -> COSTANER2 -> HUDSON -> BOSQUES -> ABASTO
1655-2,LCA2TG01,Loma Campana 2,LCA2,1268.0,P.BAND._132kV,ocgt,98.9733,-38.35980125,-68.71483939,6.0,LCA2TG01 -> CTL.CAMP -> L.CAMPAN -> L.LATA -> MEGA T -> PPBAND -> P.BAND.
1676-1,LCAMTG01,LOMA CAMPANA,LCAM,1268.0,P.BAND._132kV,ocgt,92.4763,-38.35956045,-68.71482424,6.0,LCAMTG01 -> CTL.CAMP -> L.CAMPAN -> L.LATA -> MEGA T -> PPBAND -> P.BAND.
8626-1,LPUNFV,P.S. La Puna,LPUNFV,8120.0,COBOS_345kV,solar,104.0,-24.14414793,-66.90156252,6.0,LPUNFV -> PUNA33_01 -> ALTI133_02 -> ALT133_05 -> LA PUNA -> ALTIPLANO -> COBOS
8627-1,ALT1FV,P.S. ALTIPLANO I,ALT1FV,8120.0,COBOS_345kV,solar,100.0,-24.15130602,-66.90133094,6.0,ALT1FV -> ALTI133_03 -> ALTI133_01 -> ALT133_04 -> LA PUNA -> ALTIPLANO -> COBOS
2913-1,BVENEO01,P.E. DE LA BUENA VENTURA,BVENEO,2298.0,OLAVARRI_132kV_2,wind,103.2,-38.10535213,-60.13014793,6.0,BVENEO01 -> BVENEO33_02 -> BVENEO33_01 -> VASQUEZ -> G.CHAVE1 -> CHILLAR -> OLAVARR2
2914-1,SJMTEO01,P.E. SAN JORGE y EL MATACO,SJMTEO,2208.0,B.BLANCA_132kV_2,wind,102.9,-38.33714465,-62.28061403,4.0,SJMTEO01 -> TRESP33_02 -> TRESP33_01 -> TRESPICO.O -> B.BCA2
654-1,BICEEO01,P.E. BICENTENARIO,BICEEO,461.0,SCN_500_132kV,wind,102.0,-47.2984011,-66.99790249,6.0,BICEEO01 -> BICE33_02 -> BICE33_01 -> PEBICENT -> PCR -> PT1-132M -> SCN_132
2915-1,SJMTEO01,P.E. SAN JORGE y EL MATACO,SJMTEO,2208.0,B.BLANCA_132kV_2,wind,102.9,-38.33714465,-62.28061403,4.0,SJMTEO01 -> TRESP33_03 -> TRESP33_01 -> TRESPICO.O -> B.BCA2
1629-1,NEU1EO01,P.E. VIENTOS NEUQUINOS I,NEU1EO,1240.0,CHOCON_132kV,wind,100.0,-39.74540749,-69.76743327,4.0,NEU1EO01 -> BCOLO33_02 -> BCOLO33_01 -> B.COLORADA -> CHOCON
2660-1,CORTEO01,P.E. MARIO CEBREIRO,CORTEO,2208.0,B.BLANCA_132kV_2,wind,100.5,-38.67488786,-62.02596591,5.0,CORTEO01 -> CORT33_02 -> CORT33_01 -> CORTI -> PIQ.BB.COR -> B.BCA2
1675-4,LDLATG04,CT NEUQUEN,LDLA,1675.0,L.LATA_11.5kV_4,ocgt,101.2512,-38.51265798,-68.60617036,0.0,
7902-1,GZ2AFV01,P.S. GUAÑIZUL II A,GZ2A,7203.0,NVA.SJUAN_132kV,solar,108.0,-30.36764071,-69.290726,9.0,GZ2AFV01 -> GUAII08_01 -> GUAII33_01 -> GUAII33_02 -> GUANIZUIL_B -> BAUCHACETA.A -> JACHAL -> COSTANERA -> LA BEBIDA -> NVA.SJUAN
7630-1,ZONDFV01,P.S. ZONDA I,ZONDFV,7203.0,NVA.SJUAN_132kV,solar,101.0,-30.60681081,-69.33857444,7.0,ZONDFV01 -> ZOND33_02 -> ZOND33_01 -> ZONDA2 -> ZONDA -> BAUCHACETA.B -> RODEO -> NVA.SJUAN
2678-1,ENE1EO01,P.E. ENERGETICA I,ENE1EO,2206.0,B.BLANCA_132kV_1,wind,78.0,-38.35734287,-62.21930647,4.0,ENE1EO01 -> ENER33_02 -> ENER33_01 -> TRESPICOS -> B.BCA 1
8649-2,AR22EO01,P.E. ARAUCO II (ETAPAS 3 Y 4),AR22EO,8271.0,RIOJASUR_132kV,wind,33.9117,-28.73821571,-66.71563144,4.0,AR22EO01 -> ARA233_22 -> ARA233_02 -> ARAUCO_2 -> RIOJASUR
2662-1,MIRAEO01,P.E. MIRAMAR,MIRAEO,2298.0,OLAVARRI_132kV_2,wind,98.6,-38.22607832,-58.04823131,7.0,MIRAEO01 -> MIRA33_03 -> MIRA33_01 -> MIRAMAR2 -> NECOCHE2 -> G.CHAVE1 -> CHILLAR -> OLAVARR2
7653-3,LDCUTV15,LUJAN DE CUYO,LDCU,7216.0,GRAN MZA_132kV,ccgt,90.59,-33.05568314,-68.98082788,3.0,LDCUTV15 -> LUJ.CUYO -> CRUZPIED -> GRAN MZA
652-1,LHEREO01,PE LOS HERCULES,LHEREO,461.0,SCN_500_132kV,wind,98.0,-46.63108586,-68.38525915,4.0,LHEREO01 -> HERC33_01 -> HERC33_02 -> HERCULES -> SCN_132
4625-1,TER6TV21,COG Terminal 6,TER6,4390.0,R.COROND_132kV,steam,84.1879,-32.6647019,-60.75010668,4.0,TER6TV21 -> CT TER6 -> TERM. 6 -> P.S.MART -> R.COROND
2911-1,GNV1EO01,P.E. LA GENOVEVA,GNV1EO,2206.0,B.BLANCA_132kV_1,wind,88.2,-38.55533018,-61.94429524,4.0,GNV1EO01 -> GENO33_02 -> GENO33_01 -> GENOVEVA -> B.BCA 1
3688-1,LPLCTG01,CG La Plata YPF,LPLC,3100.0,ABASTO_220kV,ocgt,82.5383,-34.8944965,-57.92037371,8.0,LPLCTG01 -> CTPLA33_01 -> YPFE33_01 -> YPF-ENSE -> LA PLATA E -> LA PLATA S -> LA PLATA1 -> LA PLATA -> ABASTO
1683-3,PPLEHI03,PICHI P. LEUFU,PPLEHI,1683.0,PPLEUFU_13.8kV_3,hydro,95.0,-40.01250879,-69.98495141,0.0,
1682-2,PPLEHI02,PICHI P. LEUFU,PPLEHI,1682.0,PPLEUFU_13.8kV_2,hydro,95.0,-40.01250879,-69.98495141,0.0,
1681-1,PPLEHI01,PICHI P. LEUFU,PPLEHI,1681.0,PPLEUFU_13.8kV_1,hydro,95.0,-40.01250879,-69.98495141,0.0,
675-1,RAW1EO,RAWSON I  ENARSA,RAW1EO,224.0,NPMADRYN_330kV,wind,53.0,-43.34509653,-65.1855122,9.0,RAW1EO -> PER-33 -> PER-33 -> PER-132 -> RAWSON -> TRELW132 -> DGPAL132 -> PMADRYN1 -> PMADR330 -> NPMAD330
7633-1,IGLEFV01,P.S. IGLESIA GUAÑIZUL,IGLE,7203.0,NVA.SJUAN_132kV,solar,81.0,-30.35659426,-69.29086894,7.0,IGLEFV01 -> IGGU33_1 -> GUANIZUIL_A -> BAUCHACETA.A -> JACHAL -> COSTANERA -> LA BEBIDA -> NVA.SJUAN
2687-4,VGESTG18,VILLA GESELL,VGES,2410.0,VIVORATA_132kV,ocgt,80.0,-37.2489621,-56.9976082,2.0,VGESTG18 -> V.GESSEL -> VIVORATA
7629-1,SULLFV01,P.S. SIERRAS DEL ULLUM (MATER),SULLFV,7203.0,NVA.SJUAN_132kV,solar,78.0,-31.37741933,-68.66622496,6.0,SULLFV01 -> SULL33_01 -> SOLAR.SJ_33 -> SOL.ULLUM -> COSTANERA -> LA BEBIDA -> NVA.SJUAN
2671-1,SNICTV11,SAN NICOLAS,SNIC,2105.0,RAMALLO_220kV,steam,49.05,-33.3562093,-60.17302726,-1.0,
2672-2,SNICTV12,SAN NICOLAS,SNIC,2105.0,RAMALLO_220kV,steam,47.9,-33.3562093,-60.17302726,-1.0,
7601-1,ADTOHI01,AGUA DEL TORO,ADTOHI,7104.0,GRAN MZA_220kV,hydro,75.0,-34.57938892,-68.98946561,3.0,ADTOHI01 -> A.TORO -> REYUNOS -> GRAN MZA
2673-3,SNICTV13,SAN NICOLAS,SNIC,2105.0,RAMALLO_220kV,steam,42.8,-33.3562093,-60.17302726,-1.0,
7602-2,ADTOHI02,AGUA DEL TORO,ADTOHI,7104.0,GRAN MZA_220kV,hydro,75.0,-34.57938892,-68.98946561,3.0,ADTOHI02 -> A.TORO -> REYUNOS -> GRAN MZA
679-1,PMA1EO01,P. MADRYN I ENARSA,PMA1EO,221.0,NPMADRYN_132kV,wind,75.0,-42.70545678,-65.22969699,4.0,PMA1EO01 -> PEM33_02 -> PEM33_01 -> PE_PMADR -> PMADRYN2
7637-1,TOC3FV,P.S. TOCOTA III (MATER),TOC3FV,7203.0,NVA.SJUAN_132kV,solar,60.0,-30.81764444,-69.47174444,6.0,TOC3FV -> TOCO33_02 -> TOCO33_01 -> TOCOTA -> BAUCHACETA.B -> RODEO -> NVA.SJUAN
2613-3,NECOTV03,NECOCHEA,NECO,2410.0,VIVORATA_132kV,steam,61.62,-38.5784929,-58.71045013,4.0,NECOTV03 -> NECOCHE1 -> QUEQUEN -> M.PLATA2 -> VIVORATA
2614-4,NECOTV04,NECOCHEA,NECO,2298.0,OLAVARRI_132kV_2,steam,46.1,-38.5784929,-58.71045013,4.0,NECOTV04 -> NECOCHE2 -> G.CHAVE1 -> CHILLAR -> OLAVARR2
2674-4,SNICTV14,SAN NICOLAS,SNIC,2327.0,RAMALLO_132kV,steam,43.7,-33.3562093,-60.17302726,3.0,SNICTV14 -> SNICOLA4 -> SIDERAR -> RAMALLO2
493-1,PATATV01,C.T. PATAGONIA,PATA,461.0,SCN_500_132kV,ccgt,40.0,-45.79263115,-67.51355697,4.0,PATATV01 -> CTPAT132 -> C.RIV.A1 -> PT1-132M -> SCN_132
8629-1,LRIOFV,P.S. 360 ENERGY LA RIOJA,LRIOFV,8271.0,RIOJASUR_132kV,solar,62.7842,-29.304778,-67.420562,3.0,LRIOFV01 -> PS_NONOGASTA -> EMPIQUETE63 -> RIOJASUR
2632-1,LUJBTG01,CT LUJAN BSAS,LUJB,3365.0,RODRGUEZ_132kV_5,ocgt,64.0,-34.55765878,-59.03377395,5.0,LUJBTG01 -> CTLUJAII -> LUJAN II -> MALVIBA1 -> P.I. N1 -> RODRIG01
2633-2,LUJBTG02,CT LUJAN BSAS,LUJB,3365.0,RODRGUEZ_132kV_5,ocgt,58.0,-34.55765878,-59.03377395,5.0,LUJBTG02 -> CTLUJAII -> LUJAN II -> MALVIBA1 -> P.I. N1 -> RODRIG01
2650-1,BRKETV01,BARKER UGENERGY,BRKE,2298.0,OLAVARRI_132kV_2,steam,59.25,-37.54747418,-59.45258643,2.0,BRKETV01 -> BARKER2 -> OLAVARR2
8687-1,INDETG01,INDEPENDENCIA,INDE,8232.0,BRACHO_132kV_3,ocgt,25.1,-26.86679433,-65.2230194,2.0,INDETG01 -> INDEPEN2 -> BRACHO2
2636-1,SOLATG02,SOLALBAN,SOLA,2208.0,B.BLANCA_132kV_2,ccgt,23.7215,-38.77796709,-62.29082621,3.0,SOLATG02 -> SOLALBAN -> PQBB. 1 -> B.BCA2
2635-1,SOLATG01,SOLALBAN,SOLA,2208.0,B.BLANCA_132kV_2,ccgt,47.443,-38.77796709,-62.29082621,3.0,SOLATG01 -> SOLALBAN -> PQBB. 1 -> B.BCA2
6634-4,MMARTG04,MARANZANA,MMAR,6200.0,ALMAFUE._132kV_1,ocgt,22.9,-33.16072823,-64.3647059,5.0,MMARTG04 -> CTMARAN2 -> R.CUARTO -> ELENA -> REOLIN 1 -> ALMAFUE1
6633-3,MMARTG03,MARANZANA,MMAR,6200.0,ALMAFUE._132kV_1,ocgt,44.8,-33.16072823,-64.3647059,5.0,MMARTG03 -> CTMARAN2 -> R.CUARTO -> ELENA -> REOLIN 1 -> ALMAFUE1
8688-2,INDETG02,INDEPENDENCIA,INDE,8232.0,BRACHO_132kV_3,ocgt,54.3,-26.86679433,-65.2230194,2.0,INDETG02 -> INDEPEN2 -> BRACHO2
6635-5,MMARTG05,MARANZANA,MMAR,6200.0,ALMAFUE._132kV_1,ocgt,50.5,-33.16072823,-64.3647059,5.0,MMARTG05 -> CTMARAN2 -> R.CUARTO -> ELENA -> REOLIN 1 -> ALMAFUE1
8644-1,FRIATG01,FRIAS,FRIA,8292.0,RECREO_132kV,ocgt,58.98,-28.60716966,-65.12262692,2.0,FRIATG01 -> FRIAS -> RECREO
8652-2,GUEMTV12,GUEMES,GUEM,8300.0,JUANCITO_132kV,steam,59.49,-24.68926954,-65.04172111,2.0,GUEMTV12 -> GUEMES -> JUANCITO
8651-1,GUEMTV11,GUEMES,GUEM,8300.0,JUANCITO_132kV,steam,59.55,-24.68926954,-65.04172111,2.0,GUEMTV11 -> GUEMES -> JUANCITO
6616-1,VMA2TV01,V.MARIA UENSA,VMA2,6203.0,A.CABRAL_132kV,steam,55.6,-32.42618245,-63.17426388,3.0,VMA2TV01 -> CTVMARIA -> V.MARIA -> A.CABRAL
1607-1,ROCATV01,TERMOROCA,ROCA,1268.0,P.BAND._132kV,steam,55.539,-38.94593521,-67.60085988,5.0,ROCATV01 -> T. ROCA -> C.ALLEN -> 5 SALTOS -> PPBAND -> P.BAND.
6626-1,LEV1EO01,P.E. GRAL. LEVALLE (MATER),LEV1EO,6200.0,ALMAFUE._132kV_1,wind,62.0,-34.033928,-63.918504,10.0,LEV1EO01 -> LEVIEO_33_01 -> LEVIEO_33_02 -> LEVIEO_66 -> LEVALLE -> G.LEVAL -> CTMARAN2 -> R.CUARTO -> ELENA -> REOLIN 1 -> ALMAFUE1
2669-1,PEDRTV01,SAN PEDRO BSAS,PEDR,2327.0,RAMALLO_132kV,steam,61.52,-33.77915379,-59.72974238,4.0,PEDRTV01 -> CT.S.PEDRO -> S.PEDRO2 -> RAMA.IND -> RAMALLO2
2667-5,ROJOTV01,G ROJO R.ENERGY,ROJO,2327.0,RAMALLO_132kV,steam,56.6,-33.45496461,-60.28166768,4.0,ROJOTV01 -> SNIC.OESTE -> SNICOLA4 -> SIDERAR -> RAMALLO2
7651-1,LDCUTV11,LUJAN DE CUYO,LDCU,7216.0,GRAN MZA_132kV,steam,35.0,-33.05568314,-68.98082788,3.0,LDCUTV11 -> LUJ.CUYO -> CRUZPIED -> GRAN MZA
7652-2,LDCUTV12,LUJAN DE CUYO,LDCU,7216.0,GRAN MZA_132kV,steam,35.983,-33.05568314,-68.98082788,3.0,LDCUTV12 -> LUJ.CUYO -> CRUZPIED -> GRAN MZA
3664-4,NPUETV04,NUEVO PUERTO,NPUE,3122.0,RODRGUEZ_220kV_2,steam,0.0,-34.57170662,-58.38211451,-1.0,
7695-2,CCOLHI02,CARACOLES,CCOLHI,7203.0,NVA.SJUAN_132kV,hydro,60.7,-31.51712275,-68.96804996,5.0,CCOLHI02 -> CARACOL -> P.NEGRA -> RIELES -> SANJUAN1 -> NVA.SJUAN
7694-1,CCOLHI01,CARACOLES,CCOLHI,7203.0,NVA.SJUAN_132kV,hydro,60.7,-31.51712275,-68.96804996,5.0,CCOLHI01 -> CARACOL -> P.NEGRA -> RIELES -> SANJUAN1 -> NVA.SJUAN
6638-1,SERTTG01,RSO TERC SOENER,SERT,6202.0,ALMAFUE._132kV_2,ocgt,60.0,-32.16060528,-64.15474605,2.0,SERTTG01 -> CT 13JULIO -> ALMAFUE2
6675-1,CUMBFV01,P.S. La Cumbre,CUMBFV,6286.0,LUJAN.SL_132kV_2,solar,25.0,-33.31867173,-66.17107308,4.0,CUMBFV01 -> LA.CUM33_01 -> LA.CUMBRE -> SAN LUIS -> LUJAN.SL
601-3,CHN3EO01,P.E. CHUBUT NORTE III,CHN3EO,224.0,NPMADRYN_330kV,wind,58.0,-42.61023352,-65.18158513,6.0,CHN3EO01 -> CHNO33_02 -> CHNO33_01 -> CHUBUNOR -> PMADRYN1 -> PMADR330 -> NPMAD330
2666-4,ROJOTG04,G ROJO R.ENERGY,ROJO,2327.0,RAMALLO_132kV,ocgt,50.0,-33.45496461,-60.28166768,4.0,ROJOTG04 -> SNIC.OESTE -> SNICOLA4 -> SIDERAR -> RAMALLO2
6646-3,VMA2TG03,V.MARIA UENSA,VMA2,6203.0,A.CABRAL_132kV,ocgt,49.46,-32.42618245,-63.17426388,3.0,VMA2TG03 -> CTVMARIA -> V.MARIA -> A.CABRAL
2624-3,BRKETG03,BARKER UGENERGY,BRKE,2298.0,OLAVARRI_132kV_2,ocgt,47.68,-37.54747418,-59.45258643,2.0,BRKETG03 -> BARKER2 -> OLAVARR2
2622-2,BRKETG02,BARKER UGENERGY,BRKE,2298.0,OLAVARRI_132kV_2,ocgt,49.12,-37.54747418,-59.45258643,2.0,BRKETG02 -> BARKER2 -> OLAVARR2
6615-4,VMA2TG04,V.MARIA UENSA,VMA2,6203.0,A.CABRAL_132kV,ocgt,49.5,-32.42618245,-63.17426388,3.0,VMA2TG04 -> CTVMARIA -> V.MARIA -> A.CABRAL
2621-1,BRKETG01,BARKER UGENERGY,BRKE,2298.0,OLAVARRI_132kV_2,ocgt,48.77,-37.54747418,-59.45258643,2.0,BRKETG01 -> BARKER2 -> OLAVARR2
6645-2,VMA2TG02,V.MARIA UENSA,VMA2,6203.0,A.CABRAL_132kV,ocgt,49.9,-32.42618245,-63.17426388,3.0,VMA2TG02 -> CTVMARIA -> V.MARIA -> A.CABRAL
2600-1,ROJOTG01,G ROJO R.ENERGY,ROJO,2327.0,RAMALLO_132kV,ocgt,50.0,-33.45496461,-60.28166768,4.0,ROJOTG01 -> SNIC.OESTE -> SNICOLA4 -> SIDERAR -> RAMALLO2
2637-4,BRKETG04,BARKER UGENERGY,BRKE,2298.0,OLAVARRI_132kV_2,ocgt,50.0,-37.54747418,-59.45258643,2.0,BRKETG04 -> BARKER2 -> OLAVARR2
6639-1,VMA2TG01,V.MARIA UENSA,VMA2,6203.0,A.CABRAL_132kV,ocgt,50.0,-32.42618245,-63.17426388,3.0,VMA2TG01 -> CTVMARIA -> V.MARIA -> A.CABRAL
2619-3,ROJOTG03,G ROJO R.ENERGY,ROJO,2327.0,RAMALLO_132kV,ocgt,50.0,-33.45496461,-60.28166768,4.0,ROJOTG03 -> SNIC.OESTE -> SNICOLA4 -> SIDERAR -> RAMALLO2
2618-2,ROJOTG02,G ROJO R.ENERGY,ROJO,2327.0,RAMALLO_132kV,ocgt,50.0,-33.45496461,-60.28166768,4.0,ROJOTG02 -> SNIC.OESTE -> SNICOLA4 -> SIDERAR -> RAMALLO2
2689-1,VLONEO01,VILLALONGA EOLICO,VLONEO,2206.0,B.BLANCA_132kV_1,wind,55.2,-40.0267502,-62.65875817,6.0,VLONEO01 -> VILL33_02 -> VILL33_01 -> VILLALONGA -> P. LURO -> M.BURATO -> B.BCA 1
4638-1,ASECTG02,C.T. ARROYO SECO,ASEC,4282.0,R.OESTE_132kV_1,ocgt,52.18,-33.1257655,-60.523892,-1.0,
4637-1,ASECTG01,C.T. ARROYO SECO,ASEC,4282.0,R.OESTE_132kV_1,ocgt,53.17,-33.1257655,-60.523892,-1.0,
2904-1,ELBIEO01,P.E. LA ELBITA,ELBIEO,2298.0,OLAVARRI_132kV_2,wind,53.0,-37.70794973,-59.01396048,8.0,ELBIEO01 -> ELBIEO0133 -> ELBIEO0133 -> ELBITAAUX -> NUMANCIA -> TANDIL1 -> BARKER -> BARKER2 -> OLAVARR2
2900-3,ELBIEO03,P.E. LA ELBITA,ELBIEO,2298.0,OLAVARRI_132kV_2,wind,53.0,-37.70794973,-59.01396048,8.0,ELBIEO03 -> ELBIEO0333 -> ELBIEO0333 -> ELBITAAUX -> NUMANCIA -> TANDIL1 -> BARKER -> BARKER2 -> OLAVARR2
2659-2,ELBIEO02,P.E. LA ELBITA,ELBIEO,2298.0,OLAVARRI_132kV_2,wind,53.0,-37.70794973,-59.01396048,8.0,ELBIEO02 -> ELBIEO0233 -> ELBIEO0233 -> ELBITAAUX -> NUMANCIA -> TANDIL1 -> BARKER -> BARKER2 -> OLAVARR2
2684-1,PEP3EO,P.E. PAMPA ENERGÍA III,PEP3,2208.0,B.BLANCA_132kV_2,wind,54.0,-38.75497847,-61.79609501,4.0,PEP3EO -> BHON33_04 -> BHON33_03 -> BAJOHONDO -> B.BCA2
2643-1,SAL2TG01,SALTOII SOENERG,SAL2,2293.0,25MAYO_1_132kV,ocgt,60.0,-34.30458809,-60.22368177,6.0,SAL2TG01 -> CTSALTO2 -> SALTO -> CHAC.IND -> CHACABUC -> BRAGADO2 -> 25MAY_01
2655-2,PEDRTG02,SAN PEDRO BSAS,PEDR,2327.0,RAMALLO_132kV,ocgt,51.75,-33.77915379,-59.72974238,4.0,PEDRTG02 -> CT.S.PEDRO -> S.PEDRO2 -> RAMA.IND -> RAMALLO2
2646-1,ZARATG01,C.T ZARATE,ZARA,3120.0,RODRGUEZ_220kV_1,ocgt,51.3,-34.08092894,-59.12540969,6.0,ZARATG01 -> CTPALMAS -> PALMAS.1 -> ATUCHA 1 -> ATUCHA 1 -> V. LIA -> RODRIGU1
2647-2,ZARATG02,C.T ZARATE,ZARA,3120.0,RODRGUEZ_220kV_1,ocgt,49.3,-34.08092894,-59.12540969,6.0,ZARATG02 -> CTPALMAS -> PALMAS.1 -> ATUCHA 1 -> ATUCHA 1 -> V. LIA -> RODRIGU1
2645-1,PEDRTG01,SAN PEDRO BSAS,PEDR,2327.0,RAMALLO_132kV,ocgt,50.9004,-33.77915379,-59.72974238,4.0,PEDRTG01 -> CT.S.PEDRO -> S.PEDRO2 -> RAMA.IND -> RAMALLO2
2668-3,PEDRTG03,SAN PEDRO BSAS,PEDR,2327.0,RAMALLO_132kV,ocgt,50.2,-33.77915379,-59.72974238,4.0,PEDRTG03 -> CT.S.PEDRO -> S.PEDRO2 -> RAMA.IND -> RAMALLO2
2665-4,ZARATG04,C.T ZARATE,ZARA,3120.0,RODRGUEZ_220kV_1,ocgt,50.8,-34.08092894,-59.12540969,6.0,ZARATG04 -> CTPALMAS -> PALMAS.1 -> ATUCHA 1 -> ATUCHA 1 -> V. LIA -> RODRIGU1
2664-3,ZARATG03,C.T ZARATE,ZARA,3120.0,RODRGUEZ_220kV_1,ocgt,52.5,-34.08092894,-59.12540969,6.0,ZARATG03 -> CTPALMAS -> PALMAS.1 -> ATUCHA 1 -> ATUCHA 1 -> V. LIA -> RODRIGU1
2681-1,PAMEEO01,P.E. PAMPA ENERGÍA (MATER),PAME,2208.0,B.BLANCA_132kV_2,wind,53.2,-38.69586086,-62.0021782,5.0,PAMEEO01 -> CORT33_04 -> CORT33_03 -> CORTI -> PIQ.BB.COR -> B.BCA2
2905-1,BAHIEO01,P.E. PAMPA ENERGÍA III,BAHI,2208.0,B.BLANCA_132kV_2,wind,53.2,-38.75589101,-61.76181151,4.0,BAHIEO01 -> BHON33_02 -> BHON33_01 -> BAJOHONDO -> B.BCA2
686-2,LOM2EO01,L. BLANCA 2 ENARSA,LOM2EO,221.0,NPMADRYN_132kV,wind,52.0,-43.02838795,-65.21373773,4.0,LOM2EO01 -> PELB33_04 -> PELB33_03 -> LB -> PMADRYN2
685-3,LOM3EO01,L. BLANCA 3 ENARSA,LOM3EO,221.0,NPMADRYN_132kV,wind,51.2,-43.03772398,-65.15859838,4.0,LOM3EO01 -> PELB33_06 -> PELB33_05 -> LB ESTE -> PMADRYN2
684-1,LOM1EO01,L. BLANCA 1 ENARSA,LOM1EO,221.0,NPMADRYN_132kV,wind,52.0,-43.00508034,-65.12321912,4.0,LOM1EO01 -> PELB33_02 -> PELB33_01 -> LB ESTE -> PMADRYN2
8620-4,INDETG04,INDEPENDENCIA,INDE,8232.0,BRACHO_132kV_3,ocgt,49.0,-26.86679433,-65.2230194,2.0,INDETG04 -> INDEPEN1 -> BRACHO2
3674-4,EZEITG04,CT EZEIZA,EZEI,3110.0,EZEIZA_220kV_1,ocgt,52.97,-34.90327586,-58.61566981,3.0,EZEITG04 -> R.TORRES -> EZE1132 -> EZEIZA 2
692-2,MANAEO02,MANANTIALES BEHR (YPF),MANAEO,461.0,SCN_500_132kV,wind,51.75,-45.65135524,-67.75426158,-1.0,
691-1,MANAEO01,MANANTIALES BEHR (YPF),MANAEO,461.0,SCN_500_132kV,wind,51.75,-45.65135524,-67.75426158,-1.0,
6637-7,MMARTG07,MARANZANA,MMAR,6200.0,ALMAFUE._132kV_1,ocgt,46.98,-33.16072823,-64.3647059,5.0,MMARTG07 -> CTMARAN2 -> R.CUARTO -> ELENA -> REOLIN 1 -> ALMAFUE1
6636-6,MMARTG06,MARANZANA,MMAR,6200.0,ALMAFUE._132kV_1,ocgt,47.1,-33.16072823,-64.3647059,5.0,MMARTG06 -> CTMARAN2 -> R.CUARTO -> ELENA -> REOLIN 1 -> ALMAFUE1
3680-2,EZEITG02,CT EZEIZA,EZEI,3110.0,EZEIZA_220kV_1,ocgt,50.5838,-34.90327586,-58.61566981,3.0,EZEITG02 -> R.TORRES -> EZE1132 -> EZEIZA 2
3682-3,EZEITG03,CT EZEIZA,EZEI,3110.0,EZEIZA_220kV_1,ocgt,50.6,-34.90327586,-58.61566981,3.0,EZEITG03 -> R.TORRES -> EZE1132 -> EZEIZA 2
6649-8,MMARTG08,MARANZANA,MMAR,6200.0,ALMAFUE._132kV_1,ocgt,49.68,-33.16072823,-64.3647059,5.0,MMARTG08 -> CTMARAN2 -> R.CUARTO -> ELENA -> REOLIN 1 -> ALMAFUE1
2628-23,MDPATG23,MAR DEL PLATA,MDPA,2410.0,VIVORATA_132kV,ocgt,46.0,-38.05020004,-57.54646976,6.0,MDPATG23 -> 9 JULIO -> ETSUR.TRANS2 -> ETSUR.MDP -> ETSUR.TRANS1 -> M.PLATA2 -> VIVORATA
2631-24,MDPATG24,MAR DEL PLATA,MDPA,2410.0,VIVORATA_132kV,ocgt,47.37,-38.05020004,-57.54646976,6.0,MDPATG24 -> 9 JULIO -> ETSUR.TRANS2 -> ETSUR.MDP -> ETSUR.TRANS1 -> M.PLATA2 -> VIVORATA
1603-3,ACAJTG03,AGUA DEL CAJON,ACAJ,1200.0,A.CAJON_132kV_1,ccgt,48.3236,-38.93631045,-68.35730715,1.0,ACAJTG03 -> ACAJON 1
1601-1,ACAJTG01,AGUA DEL CAJON,CAPE,1224.0,CHOCONOE_132kV,ccgt,45.21,-38.93631045,-68.35730715,2.0,ACAJTG01 -> ACAJON 2 -> CHOCONOE
605-1,LOM6EO01,P.E. L. BLANCA 6,LOM6EO,221.0,NPMADRYN_132kV,wind,51.5,-42.90473517,-65.35519946,-1.0,
688-2,LOM6EO01,P.E. L. BLANCA 6,LOM6EO,221.0,NPMADRYN_132kV,wind,51.5,-42.90473517,-65.35519946,-1.0,
602-1,MAL1EO01,MALASPINA1 ENARSA,MAL1EO,461.0,SCN_500_132kV,wind,51.0,-44.96828306,-67.06181425,7.0,MAL1EO01 -> MALAS33_02 -> MALAS33_01 -> MALASPINA -> CTPAT132 -> C.RIV.A1 -> PT1-132M -> SCN_132
8625-24,LRIOTG24,LA RIOJA,LRIO,8271.0,RIOJASUR_132kV,ocgt,46.89,-29.38269554,-66.83397088,2.0,LRIOTG24 -> RIOJA NORTE -> RIOJASUR
8616-3,INDETG03,INDEPENDENCIA,INDE,8232.0,BRACHO_132kV_3,ocgt,48.0,-26.86679433,-65.2230194,2.0,INDETG03 -> INDEPEN1 -> BRACHO2
2903-1,VIVOEO01,P.E. VIVORATA,VIVOEO,2410.0,VIVORATA_132kV,wind,50.0,-37.69444444,-57.7275,5.0,VIVOEO01 -> VIVO33_02 -> VIVO33_01 -> PE VIVO AUX -> PE VIVORATA -> VIVORATA
1604-4,ACAJTG04,AGUA DEL CAJON,ACAJ,1200.0,A.CAJON_132kV_1,ccgt,49.1535,-38.93631045,-68.35730715,1.0,ACAJTG04 -> ACAJON 1
1605-5,ACAJTG05,AGUA DEL CAJON,ACAJ,1200.0,A.CAJON_132kV_1,ccgt,50.7585,-38.93631045,-68.35730715,1.0,ACAJTG05 -> ACAJON 1
1602-2,ACAJTG02,AGUA DEL CAJON,ACAJ,1203.0,A.CAJON_132kV_2,ccgt,48.1576,-38.93631045,-68.35730715,1.0,ACAJTG02 -> ACAJON 3
6670-1,ACHIEO01,P.E. ACHIRAS (Renovar),ACHIEO,6205.0,LUJAN.SL_132kV_1,wind,94.0,-33.21318389,-65.08005854,9.0,ACHIEO01 -> ACHI33_02 -> ACHI33_01 -> ACHIRAPE -> PIQ126_01 -> LIM.CBA-SLS -> V.MERCEDES -> V.MER.SU -> SLUIS.PIND -> LUJAN.SL2
3650-1,EZEITG01,CT EZEIZA,EZEI,3110.0,EZEIZA_220kV_1,ocgt,50.592,-34.90327586,-58.61566981,3.0,EZEITG01 -> R.TORRES -> EZE1132 -> EZEIZA 2
7604-26,LDCUTG26,LUJAN DE CUYO,LDCU,7216.0,GRAN MZA_132kV,ocgt,48.384,-33.05568314,-68.98082788,3.0,LDCUTG26 -> LUJ.CUYO -> CRUZPIED -> GRAN MZA
7605-27,LDCUTG27,LUJAN DE CUYO,LDCU,7216.0,GRAN MZA_132kV,ocgt,48.402,-33.05568314,-68.98082788,3.0,LDCUTG27 -> LUJ.CUYO -> CRUZPIED -> GRAN MZA
682-1,CHN4EO01,P.E. CHUBUT NORTE IV,CHN4EO,221.0,NPMADRYN_132kV,wind,44.7368,-42.56166329,-65.19153851,4.0,CHN4EO01 -> CHNO33_05 -> CHNO33_06 -> CHUBUNOR2 -> PMADRYN2
1694-1,PHUITG01,PLAZA HUINCUL,PHUI,1240.0,CHOCON_132kV,ocgt,31.673,-38.93034179,-69.16853419,3.0,PHUITG01 -> HUINCUL -> ARROYITO -> CHOCON
1631-1,ARROHI01,ARROYITO,ARROHI,1240.0,CHOCON_132kV,hydro,42.6,-39.10712154,-68.58545091,3.0,ARROHI01 -> C.H.ARRO -> ARROYITO -> CHOCON
1633-3,ARROHI03,ARROYITO,ARROHI,1240.0,CHOCON_132kV,hydro,42.6,-39.10712154,-68.58545091,3.0,ARROHI03 -> C.H.ARRO -> ARROYITO -> CHOCON
1632-2,ARROHI02,ARROYITO,ARROHI,1240.0,CHOCON_132kV,hydro,42.6,-39.10712154,-68.58545091,3.0,ARROHI02 -> C.H.ARRO -> ARROYITO -> CHOCON
2908-1,GNV2EO01,P.E. VIENTOS LA GENOVEVA II (MATER),GNV2EO,2206.0,B.BLANCA_132kV_1,wind,41.8,-38.56304316,-61.92805179,4.0,GNV2EO01 -> GENO33_03 -> GENO33_01 -> GENOVEVA -> B.BCA 1
7680-1,QULLHI01,QUEBRADA ULLUM,QULLHI,7203.0,NVA.SJUAN_132kV,hydro,48.0,-31.47617157,-68.64751592,4.0,QULLHI01 -> Q.ULLUM -> RIELES -> SANJUAN1 -> NVA.SJUAN
5588-1,GARRTV01,C.T. GARRUCHOS,GARR,5250.0,RINCON_132kV,biomass,40.0,-27.94687263,-56.00016951,4.0,GARRTV01 -> SAN ALONSO -> PIQ.207 -> ITUZAING -> RINCON
662-2,YPFATG02,YPF LOS PERALES,YPFA,461.0,SCN_500_132kV,ocgt,8.8588,-46.19666082,-69.26535143,4.0,YPFATG02 -> LPER1132 -> LASHE132 -> HERCULES -> SCN_132
661-1,YPFATG01,YPF LOS PERALES,YPFA,461.0,SCN_500_132kV,ocgt,17.7176,-46.19666082,-69.26535143,4.0,YPFATG01 -> LPER1132 -> LASHE132 -> HERCULES -> SCN_132
8697-1,LEDE.TV03,LEDESMA,LEDE,8300.0,JUANCITO_132kV,ocgt,4.1067,-23.82715825,-64.79335888,4.0,LEDE.TV03 -> LIBER33_01 -> LIBERTADOR -> SPED.JUJ -> JUANCITO
3676-6,EZEITV06,CT EZEIZA,EZEI,3110.0,EZEIZA_220kV_1,ocgt,42.53,-34.90327586,-58.61566981,3.0,EZEITV06 -> R.TORRES -> EZE1132 -> EZEIZA 2
8655-1,CAFAFV,P.S. Cafayate,CAFAFV,8120.0,COBOS_345kV,solar,83.0,-26.03258764,-65.9179476,9.0,CAFAFV -> PS_CAFA_1 -> PS_CAFA33_1 -> PS_CAFAYATE -> P.GRANDE -> TRANCAS -> NOGALES -> METAN -> COBOS -> COBOS
8677-2,CAFAFV,P.S. Cafayate,CAFAFV,8120.0,COBOS_345kV,solar,83.0,-26.03258764,-65.9179476,9.0,CAFAFV -> PS_CAFA_2 -> PS_CAFA33_1 -> PS_CAFAYATE -> P.GRANDE -> TRANCAS -> NOGALES -> METAN -> COBOS -> COBOS
3675-5,EZEITV05,CT EZEIZA,EZEI,3110.0,EZEIZA_220kV_1,ocgt,42.09,-34.90327586,-58.61566981,3.0,EZEITV05 -> R.TORRES -> EZE1132 -> EZEIZA 2
1624-1,BANDEO,P.E. LA BANDERITA,BANDEO,1286.0,PUELCHE1_132kV,wind,40.0,-37.48720358,-64.7615805,4.0,BANDEO01 -> BAND33_02 -> BAND33_01 -> LABANDER -> PUELCHES
608-4,CHN4EO01,P.E. CHUBUT NORTE IV,CHN4EO,221.0,NPMADRYN_132kV,wind,40.2632,-42.56166329,-65.19153851,4.0,CHN4EO01 -> CHNO33_04 -> CHNO33_03 -> CHUBUNOR2 -> PMADRYN2
491-1,PATATG01,C.T. PATAGONIA,PATA,461.0,SCN_500_132kV,ccgt,38.01,-45.79263115,-67.51355697,4.0,PATATG01 -> CTPAT132 -> C.RIV.A1 -> PT1-132M -> SCN_132
492-2,PATATG02,C.T. PATAGONIA,PATA,461.0,SCN_500_132kV,ccgt,37.6,-45.79263115,-67.51355697,4.0,PATATG02 -> CTPAT132 -> C.RIV.A1 -> PT1-132M -> SCN_132
7614-1,ULL3FV01,P.S. Ullum 3,ULL3FV,7203.0,NVA.SJUAN_132kV,solar,32.8,-31.33403307,-68.67276532,6.0,ULL3FV01 -> ULLUM.3_33 -> SOLAR.SJ_33 -> SOL.ULLUM -> COSTANERA -> LA BEBIDA -> NVA.SJUAN
3670-1,MAGDDI01,MAGDALENA ENARS,MAGD,3100.0,ABASTO_220kV,diesel,25.0,-35.10013742,-57.48433027,7.0,MAGDDI01 -> MAGDALEN -> MAGDALEN -> T.MAGDALENA -> BAVIO -> LA PLATA2 -> LA PLATA -> ABASTO
2691-1,NEC1EO01,P.E. NECOCHEA I,NEC1EO,2298.0,OLAVARRI_132kV_2,wind,37.25,-38.61676146,-58.8277595,6.0,NEC1EO01 -> NECO33_02 -> NECO33_01 -> NECOCHE2 -> G.CHAVE1 -> CHILLAR -> OLAVARR2
6611-1,SOESTG01,SUD OESTE,SOES,6202.0,ALMAFUE._132kV_2,ocgt,0.0,-31.46289725,-64.23932382,4.0,SOESTG01 -> SUROESTE -> MOLINOS -> REOLIN 2 -> ALMAFUE2
6612-2,SOESTG02,SUD OESTE,SOES,6202.0,ALMAFUE._132kV_2,ocgt,0.0,-31.46289725,-64.23932382,4.0,SOESTG02 -> SUROESTE -> MOLINOS -> REOLIN 2 -> ALMAFUE2
6614-4,SOESTG04,SUD OESTE,SOES,6202.0,ALMAFUE._132kV_2,ocgt,0.0,-31.46289725,-64.23932382,4.0,SOESTG04 -> SUROESTE -> MOLINOS -> REOLIN 2 -> ALMAFUE2
6613-3,SOESTG03,SUD OESTE,SOES,6202.0,ALMAFUE._132kV_2,ocgt,23.1,-31.46289725,-64.23932382,4.0,SOESTG03 -> SUROESTE -> MOLINOS -> REOLIN 2 -> ALMAFUE2
8676-1,NONOFV01,P.S. Nonogasta,NONOFV,8271.0,RIOJASUR_132kV,solar,35.0,-29.33050605,-67.42438872,-1.0,
8671-1,LEDE.TV01,LEDESMA,LEDE,8300.0,JUANCITO_132kV,ocgt,3.5009,-23.82715825,-64.79335888,5.0,LEDE.TV01 -> LEDE3301 -> LIBER33_01 -> LIBERTADOR -> SPED.JUJ -> JUANCITO
4627-1,RUFIDI01,RUFINO STA FE,RUFI,2245.0,HENDERS2_132kV,diesel,31.9,-34.26189682,-62.68874729,6.0,RUFIDI01 -> RUFINO13 -> RUFINO -> CHARLONE -> G.VILLEG -> PEHUAJO -> HENDERS2
3637-7,DSUDTG07,DOCK SUD,DSUD,3110.0,EZEIZA_220kV_1,ocgt,31.2,-34.65318462,-58.34174439,-1.0,
3638-8,DSUDTG08,DOCK SUD,DSUD,3110.0,EZEIZA_220kV_1,ocgt,30.3,-34.65318462,-58.34174439,-1.0,
8633-3,CCORHI03,CABRA CORRAL,CCORHI,8120.0,COBOS_345kV,hydro,32.0,-25.27198004,-65.32999909,5.0,CCORHI03 -> C.CORRAL -> S.AGUSTI -> SALTAEST -> COBOS -> COBOS
8631-1,CCORHI01,CABRA CORRAL,CCORHI,8120.0,COBOS_345kV,hydro,32.0,-25.27198004,-65.32999909,5.0,CCORHI01 -> C.CORRAL -> S.AGUSTI -> SALTAEST -> COBOS -> COBOS
8632-2,CCORHI02,CABRA CORRAL,CCORHI,8120.0,COBOS_345kV,hydro,32.0,-25.27198004,-65.32999909,5.0,CCORHI02 -> C.CORRAL -> S.AGUSTI -> SALTAEST -> COBOS -> COBOS
2642-1,VGADDI01,VILLEGAS ENARSA,VGAD,2245.0,HENDERS2_132kV,diesel,2.6,-35.03492581,-62.99814198,4.0,VGADDI01 -> GVILLE13_01 -> G.VILLEG -> PEHUAJO -> HENDERS2
8628-1,LOMAFV01,P.S. LAS LOMAS,LOMAFV,8271.0,RIOJASUR_132kV,solar,34.0,-29.6,-67.4129,4.0,LOMAFV01 -> NONOGAS. -> NONOGSTA -> EMPIQUETE63 -> RIOJASUR
2612-2,NECOTV02,NECOCHEA,NECO,2298.0,OLAVARRI_132kV_2,steam,0.0,-38.5784929,-58.71045013,4.0,NECOTV02 -> NECOCHE2 -> G.CHAVE1 -> CHILLAR -> OLAVARR2
8607-1,BANDDI01,BANDERA DISTRIB,BAND,8302.0,MQUEMADO_132kV,diesel,30.2,-28.87496792,-62.28013212,8.0,BANDDI01 -> BANDERA -> BANDERA -> ANATUYA -> S.CORRAL -> QUIMILI -> CAMPOGALLO -> COPO -> MQUEMADO
2611-1,NECOTV01,NECOCHEA,NECO,2410.0,VIVORATA_132kV,steam,0.0,-38.5784929,-58.71045013,4.0,NECOTV01 -> NECOCHE1 -> QUEQUEN -> M.PLATA2 -> VIVORATA
7625-1,PNEGHI01,PUNTA NEGRA,PNEGHI,7203.0,NVA.SJUAN_132kV,hydro,31.64,-31.51660713,-68.81493962,4.0,PNEGHI01 -> P.NEGRA -> RIELES -> SANJUAN1 -> NVA.SJUAN
7626-2,PNEGHI02,PUNTA NEGRA,PNEGHI,7203.0,NVA.SJUAN_132kV,hydro,31.64,-31.51660713,-68.81493962,4.0,PNEGHI02 -> P.NEGRA -> RIELES -> SANJUAN1 -> NVA.SJUAN
7613-1,ULN2FV01,P.S. Ullum N2,ULN2FV,7203.0,NVA.SJUAN_132kV,solar,25.6,-31.34197244,-68.6669035,6.0,ULN2FV01 -> ULLUM.N2_33 -> SOLAR.SJ_33 -> SOL.ULLUM -> COSTANERA -> LA BEBIDA -> NVA.SJUAN
7667-3,CACHHI03,C.H.CACHEUTA,CACHHI,7216.0,GRAN MZA_132kV,hydro,30.0,-33.02742175,-69.11236408,6.0,CACHHI03 -> CACHEUTA -> PI-PIP_1 -> P.I.PE_1 -> LUJ.CUYO -> CRUZPIED -> GRAN MZA
7666-2,CACHHI02,C.H.CACHEUTA,CACHHI,7216.0,GRAN MZA_132kV,hydro,30.0,-33.02742175,-69.11236408,6.0,CACHHI02 -> CACHEUTA -> PI-PIP_1 -> P.I.PE_1 -> LUJ.CUYO -> CRUZPIED -> GRAN MZA
1641-1,CPIEHI01,CASA DE PIEDRA,CPIEHI,1268.0,P.BAND._132kV,hydro,28.5,-38.21432964,-67.19068169,6.0,CPIEHI01 -> CASAPIED -> DIVISADE -> MEDANITO -> S.BLANCA -> PPBAND -> P.BAND.
1642-2,CPIEHI02,CASA DE PIEDRA,CPIEHI,1268.0,P.BAND._132kV,hydro,28.5,-38.21432964,-67.19068169,6.0,CPIEHI02 -> CASAPIED -> DIVISADE -> MEDANITO -> S.BLANCA -> PPBAND -> P.BAND.
7665-1,CACHHI01,C.H.CACHEUTA,CACHHI,7216.0,GRAN MZA_132kV,hydro,30.0,-33.02742175,-69.11236408,6.0,CACHHI01 -> CACHEUTA -> PI-PIP_1 -> P.I.PE_1 -> LUJ.CUYO -> CRUZPIED -> GRAN MZA
7668-4,CACHHI04,C.H.CACHEUTA,CACHHI,7216.0,GRAN MZA_132kV,hydro,30.0,-33.02742175,-69.11236408,6.0,CACHHI04 -> CACHEUTA -> PI-PIP_1 -> P.I.PE_1 -> LUJ.CUYO -> CRUZPIED -> GRAN MZA
609-2,CHN2EO01,P.E. CHUBUT NORTE II,CHN2EO,224.0,NPMADRYN_330kV,wind,27.0,-42.57034305,-65.12251928,6.0,CHN2EO01 -> CHNO33_03 -> CHNO33_01 -> CHUBUNOR -> PMADRYN1 -> PMADR330 -> NPMAD330
7642-2,LDCUTG22,LUJAN DE CUYO,LDCU,7216.0,GRAN MZA_132kV,ccgt,24.373,-33.05568314,-68.98082788,3.0,LDCUTG22 -> LUJ.CUYO -> CRUZPIED -> GRAN MZA
651-1,CHNOEO01,PE Chubut Norte,CHNOEO,224.0,NPMADRYN_330kV,wind,29.0,-42.57495417,-65.11984778,6.0,CHNOEO01 -> CHNO33_02 -> CHNO33_01 -> CHUBUNOR -> PMADRYN1 -> PMADR330 -> NPMAD330
8673-1,LIBEDI01,LIB. SAN MARTIN,LIBE,8300.0,JUANCITO_132kV,diesel,13.2,-23.82246173,-64.78427282,4.0,LIBEDI01 -> LIBER13_01 -> LIBERTADOR -> SPED.JUJ -> JUANCITO
2608-8,MDPATV08,MAR DEL PLATA,MDPA,2410.0,VIVORATA_132kV,steam,23.52,-38.05020004,-57.54646976,6.0,MDPATV08 -> 9 JULIO -> ETSUR.TRANS2 -> ETSUR.MDP -> ETSUR.TRANS1 -> M.PLATA2 -> VIVORATA
2607-7,MDPATV07,MAR DEL PLATA,MDPA,2410.0,VIVORATA_132kV,steam,25.0,-38.05020004,-57.54646976,6.0,MDPATV07 -> 9 JULIO -> ETSUR.TRANS2 -> ETSUR.MDP -> ETSUR.TRANS1 -> M.PLATA2 -> VIVORATA
3600-1,SVICDI01,S.VICENTE BSAS,SVIC,3110.0,EZEIZA_220kV_1,diesel,27.6,-35.04342456,-58.32544569,7.0,SVICDI01 -> BURZAC33 -> BURZACO -> BURZACT2 -> PI.MONT1 -> A.BROWN1 -> A.BROWN2 -> EZEIZA 2
3648-1,ABRODI01,ALTE BROWN ENAR,ABRO,3110.0,EZEIZA_220kV_1,diesel,23.7,-34.83755787,-58.40519123,4.0,ABRODI01 -> A.BROWN -> A.BROWN1 -> A.BROWN2 -> EZEIZA 2
4607-1,MOLITV01,MOLINOS AUTOG.,MOLI,4390.0,R.COROND_132kV,steam,0.272,-32.77444773,-60.7239143,4.0,MOLITV01 -> SULFACID -> SULFACID -> SLORENZO -> R.COROND
2656-1,PE32EO,P.E. PAMPA ENERGÍA III - AMPLIACIÓN 2,PE32,2208.0,B.BLANCA_132kV_2,wind,27.0,-38.75603591,-61.78186948,4.0,PE32EO -> BHON33 05 -> BHON33 06 -> BAJOHONDO -> B.BCA2
5629-1,CORRDI01,CORRIENTES,CORR,5242.0,P.PATRIA_132kV,diesel,0.0,-27.47130013,-58.80388206,4.0,CORRDI01 -> CORRDI -> CE.SEC_1 -> COR.ESTE -> P.PATRIA
2679-4,APARTV01,ACEROS PARANA,APAR,2327.0,RAMALLO_132kV,steam,0.0,-33.36414876,-60.14568092,2.0,APARTV01 -> SIDERAR -> RAMALLO2
2679-3,APARTV01,ACEROS PARANA,APAR,2327.0,RAMALLO_132kV,steam,0.0,-33.36414876,-60.14568092,2.0,APARTV01 -> SIDERAR -> RAMALLO2
2679-2,APARTV01,ACEROS PARANA,APAR,2327.0,RAMALLO_132kV,steam,0.0,-33.36414876,-60.14568092,2.0,APARTV01 -> SIDERAR -> RAMALLO2
2679-1,APARTV01,ACEROS PARANA,APAR,2327.0,RAMALLO_132kV,steam,0.0,-33.36414876,-60.14568092,2.0,APARTV01 -> SIDERAR -> RAMALLO2
7681-1,NIH3HI01,NIHUIL 3,NIH3HI,7104.0,GRAN MZA_220kV,hydro,20.5,-34.88237995,-68.5753197,6.0,NIH3HI01 -> NIHUIL 3 -> NIHUIL 2 -> NIHUIL -> A.TORO -> REYUNOS -> GRAN MZA
7682-2,NIH3HI02,NIHUIL 3,NIH3HI,7104.0,GRAN MZA_220kV,hydro,20.5,-34.88237995,-68.5753197,6.0,NIH3HI02 -> NIHUIL 3 -> NIHUIL 2 -> NIHUIL -> A.TORO -> REYUNOS -> GRAN MZA
6696-1,BROCFV01,P.S. CURA BROCHERO (MATER),BROCFV,6202.0,ALMAFUE._132kV_2,solar,30.6,-31.72306729,-65.035287,8.0,BROCFV01 -> CBROFV23_02 -> CBROFV23_01 -> CBROFV66 -> LA_VINA -> LA VINA -> MOLINOS -> REOLIN 2 -> ALMAFUE2
1623-3,AVALTG23,ALTO VALLE,AVAL,1268.0,P.BAND._132kV,ccgt,24.861,-38.95215988,-68.02181581,4.0,AVALTG23 -> A.VALLE -> 5 SALTOS -> PPBAND -> P.BAND.
1622-2,AVALTG22,ALTO VALLE,AVAL,1268.0,P.BAND._132kV,ccgt,24.746,-38.95215988,-68.02181581,4.0,AVALTG22 -> A.VALLE -> 5 SALTOS -> PPBAND -> P.BAND.
7683-1,NIH4HI01,NIHUIL 4,NIH4HI,7104.0,GRAN MZA_220kV,hydro,23.7579,-34.83328792,-68.51440367,7.0,NIH4HI01 -> NIHUIL 4 -> NIHUIL 3 -> NIHUIL 2 -> NIHUIL -> A.TORO -> REYUNOS -> GRAN MZA
8668-3,ARAUEO,P.E. ARAUCO,ARAUEO,8271.0,RIOJASUR_132kV,wind,26.0,-28.70193863,-66.75204047,4.0,ARAUEO -> ARAU33_2 -> ARAUCO_1 -> RIOJA NORTE -> RIOJASUR
8670-4,ARAUEO,P.E. ARAUCO,ARAUEO,8271.0,RIOJASUR_132kV,wind,26.0,-28.70193863,-66.75204047,4.0,ARAUEO -> ARAU33_2 -> ARAUCO_1 -> RIOJA NORTE -> RIOJASUR
8656-2,ARAUEO,P.E. ARAUCO,ARAUEO,8271.0,RIOJASUR_132kV,wind,26.0,-28.70193863,-66.75204047,4.0,ARAUEO -> ARAU33_1 -> ARAUCO_1 -> RIOJA NORTE -> RIOJASUR
8658-1,ARAUEO,P.E. ARAUCO,ARAUEO,8271.0,RIOJASUR_132kV,wind,26.0,-28.70193863,-66.75204047,4.0,ARAUEO -> ARAU33_1 -> ARAUCO_1 -> RIOJA NORTE -> RIOJASUR
658-1,BIC2EO01,P.E. DEL BICENTENARIO II (MATER),BIC2EO,461.0,SCN_500_132kV,wind,26.0,-47.30986022,-67.01354943,6.0,BIC2EO01 -> BICE33_03 -> BICE33_01 -> PEBICENT -> PCR -> PT1-132M -> SCN_132
664-1,KOSTEO01,P.E. Kosten,KOSTEO,461.0,SCN_500_132kV,wind,24.0,-45.80908376,-68.0553332,9.0,KOSTEO01 -> KOST33_02 -> KOST33_01 -> PAMCA132 -> ESCALANT -> DIADEMA -> CTPAT132 -> C.RIV.A1 -> PT1-132M -> SCN_132
2902-2,VSECEO01,P.E. Vientos del Secano,VSECEO,2206.0,B.BLANCA_132kV_1,wind,25.0,-39.21512893,-62.56788346,4.0,VSECEO01 -> VSEC33_03 -> VSEC33_04 -> M.BURATO -> B.BCA 1
7612-1,ULN1FV01,P.S. Ullum N1,ULN1FV,7203.0,NVA.SJUAN_132kV,solar,25.6,-31.33181835,-68.667354,6.0,ULN1FV01 -> ULLUM.N1_33 -> SOLAR.SJ_33 -> SOL.ULLUM -> COSTANERA -> LA BEBIDA -> NVA.SJUAN
476-1,HUEMDI01,HUEMUL SINOPEC,HUEM,461.0,SCN_500_132kV,diesel,11.497,-46.56437011,-68.34058499,4.0,HUEMDI01 -> HUEMUL -> PTRUN235 -> PT1-132M -> SCN_132
2616-1,MDPATG22,MAR DEL PLATA,MDPA,2410.0,VIVORATA_132kV,ocgt,20.5,-38.05020004,-57.54646976,6.0,MDPATG22 -> 9 JULIO -> ETSUR.TRANS2 -> ETSUR.MDP -> ETSUR.TRANS1 -> M.PLATA2 -> VIVORATA
6686-1,MSEVTG01,MARIO SEVESO,MSEV,6252.0,MALVINAS_132kV,ccgt,16.0543,-31.42027498,-63.03897687,6.0,MSEVTG01 -> MSEVE.TV01 -> ARCOR -> ARRO.VIE -> ARRO-CBA -> ARRO-CBA -> MALVINAS
2603-3,MDPATG13,MAR DEL PLATA,MDPA,2410.0,VIVORATA_132kV,ocgt,0.0,-38.05020004,-57.54646976,6.0,MDPATG13 -> 9 JULIO -> ETSUR.TRANS2 -> ETSUR.MDP -> ETSUR.TRANS1 -> M.PLATA2 -> VIVORATA
7677-1,CONDHI01,C.H. A.CONDARCO,CONDHI,7216.0,GRAN MZA_132kV,hydro,25.0923,-33.0444307,-69.05093542,8.0,CONDHI01 -> CH.ACOND -> CH.SMART -> CARBOM.B -> G.CRUZ B -> CARBOM.A -> CRUZPIED -> CRUZPIED -> GRAN MZA
2676-1,SNICTG01,SAN NICOLAS,SNIC,2327.0,RAMALLO_132kV,ocgt,19.1,-33.3562093,-60.17302726,4.0,SNICTG01 -> SNIC SNICTG -> SNICOLA4 -> SIDERAR -> RAMALLO2
2690-1,VSECEO01,P.E. Vientos del Secano,VSECEO,2206.0,B.BLANCA_132kV_1,wind,25.0,-39.21512893,-62.56788346,4.0,VSECEO01 -> VSEC33_02 -> VSEC33_01 -> M.BURATO -> B.BCA 1
2677-4,AESPTG04,AES-PARANA,AESP,2327.0,RAMALLO_132kV,ocgt,18.9,-33.3548832,-60.17184631,4.0,AESPTG04 -> SNIC SNICTG -> SNICOLA4 -> SIDERAR -> RAMALLO2
2601-1,MDPATG21,MAR DEL PLATA,MDPA,2410.0,VIVORATA_132kV,ocgt,19.7,-38.05020004,-57.54646976,6.0,MDPATG21 -> 9 JULIO -> ETSUR.TRANS2 -> ETSUR.MDP -> ETSUR.TRANS1 -> M.PLATA2 -> VIVORATA
676-3,RAW3EO01,RAWSON 3 EOLICO,RAW3EO,224.0,NPMADRYN_330kV,wind,31.0,-43.37216866,-65.19255704,9.0,RAW3EO01 -> PER-33 -> PER-33 -> PER-132 -> RAWSON -> TRELW132 -> DGPAL132 -> PMADRYN1 -> PMADR330 -> NPMAD330
6609-1,CALEFV,P.S. C.A. LA CALERA S.L.,CALEFV,6205.0,LUJAN.SL_132kV_1,solar,18.9449,-32.84948801,-66.85027501,5.0,CALEFV01 -> C.OES33_01 -> C.OES33_02 -> S.L.IN33_01 -> SLUIS.PIND -> LUJAN.SL2
650-1,GARAEO01,P.E. GARAYALDE,GARAEO,461.0,SCN_500_132kV,wind,25.0,-44.53149186,-66.47382521,7.0,GARAEO01 -> GARA33_01 -> GARAYALDE -> MALASPINA -> CTPAT132 -> C.RIV.A1 -> PT1-132M -> SCN_132
1639-1,REALDI01,REALICO,REAL,1289.0,MACACHIN_132kV,diesel,24.0,-35.05513951,-64.25239478,6.0,REALDI01 -> REAL.SEC -> REALICO -> GEN.PICO -> M.MAYER -> S. ROSA -> MACACHIN
5611-1,BARDDI01,BARRANQ. DISTRI,BARD,5232.0,RESISTEN_132kV_1,diesel,21.7,-27.4910045,-58.92909561,3.0,BARDDI01 -> BARRAN13_1 -> BARRANQ. -> RESISTE1
251-1,AMEGHI01,F. AMEGHINO,AMEGHI,224.0,NPMADRYN_330kV,hydro,17.9,-43.69919138,-66.48176108,6.0,AMEGHI01 -> AMEGH132 -> TRELW132 -> DGPAL132 -> PMADRYN1 -> PMADR330 -> NPMAD330
252-2,AMEGHI02,F. AMEGHINO,AMEGHI,224.0,NPMADRYN_330kV,hydro,17.9,-43.69919138,-66.48176108,6.0,AMEGHI02 -> AMEGH132 -> TRELW132 -> DGPAL132 -> PMADRYN1 -> PMADR330 -> NPMAD330
6630-2,SFRATG02,SAN FRANCISCO,SFRA,6252.0,MALVINAS_132kV,ocgt,18.6,-31.43834872,-62.11119086,3.0,SFRATG12 -> SAN FCO. -> ARRO-CBA -> MALVINAS
6622-2,LEVATG02,LEVALLE,LEVA,6200.0,ALMAFUE._132kV_1,ocgt,19.946,-34.03603047,-63.92190366,7.0,LEVATG02 -> LEVALLE -> G.LEVAL -> CTMARAN2 -> R.CUARTO -> ELENA -> REOLIN 1 -> ALMAFUE1
6621-1,LEVATG01,LEVALLE,LEVA,6200.0,ALMAFUE._132kV_1,ocgt,19.942,-34.03603047,-63.92190366,7.0,LEVATG01 -> LEVALLE -> G.LEVAL -> CTMARAN2 -> R.CUARTO -> ELENA -> REOLIN 1 -> ALMAFUE1
1699-1,ELOMDI01,ENTRE LOMAS,ELOM,1268.0,P.BAND._132kV,diesel,10.9083,-38.18434746,-68.11959354,7.0,ELOMDI01 -> E.LOMAS2 -> E.LOMAS -> E.LOMAS -> MEDANITO -> S.BLANCA -> PPBAND -> P.BAND.
7643-3,LDCUTG23,LUJAN DE CUYO,LDCU,7216.0,GRAN MZA_132kV,ocgt,22.766,-33.05568314,-68.98082788,3.0,LDCUTG23 -> LUJ.CUYO -> CRUZPIED -> GRAN MZA
7644-4,LDCUTG24,LUJAN DE CUYO,LDCU,7216.0,GRAN MZA_132kV,ocgt,22.76,-33.05568314,-68.98082788,3.0,LDCUTG24 -> LUJ.CUYO -> CRUZPIED -> GRAN MZA
438-2,CRIVTV25,CDRO RIVADAVIA,CRIV,461.0,SCN_500_132kV,ccgt,0.0,-45.81514536,-67.44448553,4.0,CRIVTV25 -> C.RIV.A -> C.RIV.A1 -> PT1-132M -> SCN_132
8678-1,SAUJFV01,P.S. Saujil,SAUJFV,8232.0,BRACHO_132kV_3,solar,22.5,-28.16553773,-66.22456586,9.0,SAUJFV01 -> SAUJ33_02 -> SAUJ33_01 -> SAUJIL -> ANDALGAL -> ACONQUIJ -> V.QUINTE -> A.BLANCA -> INDEPEN1 -> BRACHO2
2652-1,JUNIDI01,JUNIN,JUNI,2104.0,HENDERS2_220kV,diesel,20.0,-34.57108865,-60.91613191,7.0,JUNIDI01 -> JUNI13_01 -> JUNIN 2 -> I.M.S.A. -> LINCOLN -> BRAGADO1 -> BRAGADO -> HENDERSO
2605-1,COLBDI01,COLON BSAS,COLB,2104.0,HENDERS2_220kV,diesel,14.5,-33.9220675,-61.07674839,10.0,COLBDI01 -> COL.TER -> COLON -> PERGAMI1 -> ROJAS -> JUNIN 2 -> I.M.S.A. -> LINCOLN -> BRAGADO1 -> BRAGADO -> HENDERSO
2686-1,MIR1DI01,MIRAMAR I ENARS,MIR1,2298.0,OLAVARRI_132kV_2,diesel,15.7,-38.24722532,-57.82463723,7.0,MIR1DI01 -> MIRA13_01 -> MIRAMAR -> MIRAMAR2 -> NECOCHE2 -> G.CHAVE1 -> CHILLAR -> OLAVARR2
7676-6,NIH2HI06,NIHUIL 2,NIH2HI,7104.0,GRAN MZA_220kV,hydro,18.3333,-34.91229128,-68.62341472,5.0,NIH2HI06 -> NIHUIL 2 -> NIHUIL -> A.TORO -> REYUNOS -> GRAN MZA
7675-5,NIH2HI05,NIHUIL 2,NIH2HI,7104.0,GRAN MZA_220kV,hydro,18.3333,-34.91229128,-68.62341472,5.0,NIH2HI05 -> NIHUIL 2 -> NIHUIL -> A.TORO -> REYUNOS -> GRAN MZA
7674-4,NIH2HI04,NIHUIL 2,NIH2HI,7104.0,GRAN MZA_220kV,hydro,18.3333,-34.91229128,-68.62341472,5.0,NIH2HI04 -> NIHUIL 2 -> NIHUIL -> A.TORO -> REYUNOS -> GRAN MZA
7673-3,NIH2HI03,NIHUIL 2,NIH2HI,7104.0,GRAN MZA_220kV,hydro,18.3333,-34.91229128,-68.62341472,5.0,NIH2HI03 -> NIHUIL 2 -> NIHUIL -> A.TORO -> REYUNOS -> GRAN MZA
7672-2,NIH2HI02,NIHUIL 2,NIH2HI,7104.0,GRAN MZA_220kV,hydro,18.3333,-34.91229128,-68.62341472,5.0,NIH2HI02 -> NIHUIL 2 -> NIHUIL -> A.TORO -> REYUNOS -> GRAN MZA
7671-1,NIH2HI01,NIHUIL 2,NIH2HI,7104.0,GRAN MZA_220kV,hydro,18.3333,-34.91229128,-68.62341472,5.0,NIH2HI01 -> NIHUIL 2 -> NIHUIL -> A.TORO -> REYUNOS -> GRAN MZA
7622-2,ULLUHI02,ULLUM,ULLUHI,7203.0,NVA.SJUAN_132kV,hydro,24.0,-31.45567571,-68.75609382,3.0,ULLUHI02 -> ULLUM -> SANJUAN1 -> NVA.SJUAN
7621-1,ULLUHI01,ULLUM,ULLUHI,7203.0,NVA.SJUAN_132kV,hydro,24.0,-31.45567571,-68.75609382,3.0,ULLUHI01 -> ULLUM -> SANJUAN1 -> NVA.SJUAN
422-1,CRIVTG23,CDRO RIVADAVIA,CRIV,461.0,SCN_500_132kV,ocgt,0.0,-45.81514536,-67.44448553,3.0,CRIVTG23 -> C.RIV.A1 -> PT1-132M -> SCN_132
5631-1,SPENDI01,SAENZ PEÑA,SPEN,5237.0,CHACO_132kV,diesel,17.0,-26.81566506,-60.41172835,4.0,SPENDI01 -> R.S.PENA -> RSPENA12 -> R.S.PENA -> CHACO
1678-1,BARIDI01,BARILOCHE ENARS,BARI,1204.0,ALICURA_132kV,diesel,20.0,-41.1583352,-71.25252885,5.0,BARIDI01 -> BARI13_02 -> BARI33_01 -> BARILOCH -> PILCANIY -> ALICURA
8901-1,LLANFV01,Parque de los Llanos (MATER),LLANFV,8271.0,RIOJASUR_132kV,solar,20.0,-30.296,-66.314,6.0,LLANFV01 -> LLANO33_01 -> CHAM33_01 -> CHAMICAL -> PATQUIA -> EMPIQUETE63 -> RIOJASUR
2615-1,ARREDI01,ARRECIFES ENARS,ARRE,3120.0,RODRGUEZ_220kV_1,diesel,1.0,-34.0418739,-60.13007752,9.0,ARREDI01 -> ARRECIFE -> ARRECIFE -> ARRECIFE -> PERGAMIN -> PERGAMI2 -> RAMALLO1 -> RAMALLOB -> V. LIA -> RODRIGU1
8699-1,LRI2FV,P.S. 360 ENERGY LA RIOJA II,LRI2FV,8271.0,RIOJASUR_132kV,solar,20.0576,-29.32003842,-67.42312375,5.0,LRI2FV -> LRI2FV_33 -> NONOGASTA_33 -> PS_NONOGASTA -> EMPIQUETE63 -> RIOJASUR
5641-1,FORDDI01,FORMOSA DELIVER,FORD,5330.0,GRANFORMOSA_132kV_2,diesel,13.0,-26.17565934,-58.20991075,3.0,FORDDI01 -> FORMOSA -> FORMOSA I A -> GR.FORMOSA B
5643-2,FORDDI02,FORMOSA DELIVER,FORD,5330.0,GRANFORMOSA_132kV_2,diesel,15.0,-26.17565934,-58.20991075,3.0,FORDDI02 -> FORMOSA -> FORMOSA I A -> GR.FORMOSA B
8692-1,ANATDI01,AÑATUYA,ANAT,8302.0,MQUEMADO_132kV,diesel,19.2,-28.44561969,-62.85533276,7.0,ANATDI01 -> ANATUYA -> ANATUYA -> S.CORRAL -> QUIMILI -> CAMPOGALLO -> COPO -> MQUEMADO
4680-1,RAFADI01,RAFAELA,RAFA,4313.0,S.TOME_132kV_2,diesel,19.0,-31.25552954,-61.52042792,5.0,RAFADI01 -> RAO.TER -> RAFA.OES -> RAFA.SUR -> ESPERANZ -> S.TOME 2
1695-1,ALOMDI01,AG. LOMITAS,ALOM,1268.0,P.BAND._132kV,diesel,13.6403,-37.33331255,-69.22869569,9.0,ALOMDI01 -> LOMITA -> CHIHUIDO -> CHIHUIDO -> TRAPIAL -> L.CAMPAN -> L.LATA -> MEGA T -> PPBAND -> P.BAND.
7661-1,NIH1HI01,NIHUIL 1,NIH1HI,7104.0,GRAN MZA_220kV,hydro,18.0,-34.99511399,-68.6308329,6.0,NIH1HI01 -> NIHUIL 1 -> NIHUIL 2 -> NIHUIL -> A.TORO -> REYUNOS -> GRAN MZA
7662-2,NIH1HI02,NIHUIL 1,NIH1HI,7104.0,GRAN MZA_220kV,hydro,18.0,-34.99511399,-68.6308329,6.0,NIH1HI02 -> NIHUIL 1 -> NIHUIL 2 -> NIHUIL -> A.TORO -> REYUNOS -> GRAN MZA
7664-4,NIH1HI04,NIHUIL 1,NIH1HI,7104.0,GRAN MZA_220kV,hydro,18.0,-34.99511399,-68.6308329,6.0,NIH1HI04 -> NIHUIL 1 -> NIHUIL 2 -> NIHUIL -> A.TORO -> REYUNOS -> GRAN MZA
7663-3,NIH1HI03,NIHUIL 1,NIH1HI,7104.0,GRAN MZA_220kV,hydro,18.0,-34.99511399,-68.6308329,6.0,NIH1HI03 -> NIHUIL 1 -> NIHUIL 2 -> NIHUIL -> A.TORO -> REYUNOS -> GRAN MZA
8610-5,CAIMDI05,CAIMANCITO,CAIM,8300.0,JUANCITO_132kV,diesel,18.2,-23.73313301,-64.61513006,4.0,CAIMDI45 -> CAIMANCI -> LIBERTADOR -> SPED.JUJ -> JUANCITO
8610-4,CAIMDI04,CAIMANCITO,CAIM,8300.0,JUANCITO_132kV,diesel,18.2,-23.73313301,-64.61513006,4.0,CAIMDI45 -> CAIMANCI -> LIBERTADOR -> SPED.JUJ -> JUANCITO
8608-3,CAIMDI03,CAIMANCITO,CAIM,8300.0,JUANCITO_132kV,diesel,18.2,-23.73313301,-64.61513006,4.0,CAIMDI13 -> CAIMANCI -> LIBERTADOR -> SPED.JUJ -> JUANCITO
8608-2,CAIMDI02,CAIMANCITO,CAIM,8300.0,JUANCITO_132kV,diesel,18.2,-23.73313301,-64.61513006,4.0,CAIMDI13 -> CAIMANCI -> LIBERTADOR -> SPED.JUJ -> JUANCITO
8608-1,CAIMDI01,CAIMANCITO,CAIM,8300.0,JUANCITO_132kV,diesel,18.2,-23.73313301,-64.61513006,4.0,CAIMDI13 -> CAIMANCI -> LIBERTADOR -> SPED.JUJ -> JUANCITO
4631-1,CEREDI01,CERES    ENARSA,CERE,4313.0,S.TOME_132kV_2,diesel,18.0,-29.8883497,-61.92967505,8.0,CEREDI01 -> CERES -> CERES -> ARRUFO -> SUNCHALE -> RAFA.OES -> RAFA.SUR -> ESPERANZ -> S.TOME 2
8675-1,TINOFV,P.S. Tinogasta,TINOFV,8232.0,BRACHO_132kV_3,solar,15.0,-28.03550995,-67.55163256,10.0,TINOFV01 -> TINOGFV_01 -> TINOG33_02 -> TINOGAST -> BELEN -> ANDALGAL -> ACONQUIJ -> V.QUINTE -> A.BLANCA -> INDEPEN1 -> BRACHO2
670-1,RCHITG01,RIO CHICO,RCHI,117.0,ESPERANZ_220kV,ocgt,0.0,-51.66708814,-69.21646693,3.0,RCHITG01 -> RGALLEGO -> RGALLEGO -> ESPERANZ
671-2,RCHITG02,RIO CHICO,RCHI,117.0,ESPERANZ_220kV,ocgt,0.0,-51.66708814,-69.21646693,3.0,RCHITG02 -> RGALLEGO -> RGALLEGO -> ESPERANZ
2682-3,VGESTG14,VILLA GESELL,VGES,2410.0,VIVORATA_132kV,ocgt,14.3,-37.2489621,-56.9976082,2.0,VGESTG14 -> V.GESSEL -> VIVORATA
3621-1,DIQUTG01,DIQUE,DIQU,3100.0,ABASTO_220kV,ocgt,0.0,-34.89052275,-57.93231684,7.0,DIQUTG13 -> DIQUE2 -> ENS.BARRAG1 -> ENS.BARRAG_1 -> P1 BAR-HUD -> HUDSON -> BOSQUES -> ABASTO
3621-3,DIQUTG03,DIQUE,DIQU,3100.0,ABASTO_220kV,ocgt,11.9,-34.89052275,-57.93231684,7.0,DIQUTG13 -> DIQUE2 -> ENS.BARRAG1 -> ENS.BARRAG_1 -> P1 BAR-HUD -> HUDSON -> BOSQUES -> ABASTO
3622-2,DIQUTG02,DIQUE,DIQU,3100.0,ABASTO_220kV,ocgt,12.2,-34.89052275,-57.93231684,7.0,DIQUTG24 -> DIQUE2 -> ENS.BARRAG1 -> ENS.BARRAG_1 -> P1 BAR-HUD -> HUDSON -> BOSQUES -> ABASTO
3622-4,DIQUTG04,DIQUE,DIQU,3100.0,ABASTO_220kV,ocgt,13.93,-34.89052275,-57.93231684,7.0,DIQUTG24 -> DIQUE2 -> ENS.BARRAG1 -> ENS.BARRAG_1 -> P1 BAR-HUD -> HUDSON -> BOSQUES -> ABASTO
1621-1,AVALTG21,ALTO VALLE,AVAL,1268.0,P.BAND._132kV,ocgt,13.8546,-38.95215988,-68.02181581,4.0,AVALTG21 -> A.VALLE -> 5 SALTOS -> PPBAND -> P.BAND.
2602-2,MDPATG12,MAR DEL PLATA,MDPA,2410.0,VIVORATA_132kV,ocgt,15.4,-38.05020004,-57.54646976,6.0,MDPATG12 -> 9 JULIO -> ETSUR.TRANS2 -> ETSUR.MDP -> ETSUR.TRANS1 -> M.PLATA2 -> VIVORATA
3681-1,PILBDI01,PILAR BSAS,PILB,3122.0,RODRGUEZ_220kV_2,diesel,16.73,-34.40322093,-58.96605226,9.0,PILBDI13 -> CTPILAR -> PILAR.BA -> PI.PILAR.BA -> P.I. N4 -> MANZONE -> P.I. N3 -> P.I. N2 -> RODRIG02 -> RODRIGU2
2651-5,BBLMDI05,MOTOR. B.BLANCA,BBLM,2206.0,B.BLANCA_132kV_1,diesel,16.67,-38.78518122,-62.25307995,7.0,BBLMDI46 -> PBUENA2 -> URBANABB -> PQBB. 3 -> SUR -> CHANARES -> NORTE II -> B.BCA 1
3681-3,PILBDI03,PILAR BSAS,PILB,3122.0,RODRGUEZ_220kV_2,diesel,16.73,-34.40322093,-58.96605226,9.0,PILBDI13 -> CTPILAR -> PILAR.BA -> PI.PILAR.BA -> P.I. N4 -> MANZONE -> P.I. N3 -> P.I. N2 -> RODRIG02 -> RODRIGU2
3687-4,PILBDI04,PILAR BSAS,PILB,3122.0,RODRGUEZ_220kV_2,diesel,16.73,-34.40322093,-58.96605226,9.0,PILBDI46 -> CTPILAR -> PILAR.BA -> PI.PILAR.BA -> P.I. N4 -> MANZONE -> P.I. N3 -> P.I. N2 -> RODRIG02 -> RODRIGU2
3687-5,PILBDI05,PILAR BSAS,PILB,3122.0,RODRGUEZ_220kV_2,diesel,16.73,-34.40322093,-58.96605226,9.0,PILBDI46 -> CTPILAR -> PILAR.BA -> PI.PILAR.BA -> P.I. N4 -> MANZONE -> P.I. N3 -> P.I. N2 -> RODRIG02 -> RODRIGU2
3687-6,PILBDI06,PILAR BSAS,PILB,3122.0,RODRGUEZ_220kV_2,diesel,16.73,-34.40322093,-58.96605226,9.0,PILBDI46 -> CTPILAR -> PILAR.BA -> PI.PILAR.BA -> P.I. N4 -> MANZONE -> P.I. N3 -> P.I. N2 -> RODRIG02 -> RODRIGU2
5654-1,ARISDI01,A.D.VALL.ENARSA,ARIS,5322.0,S.ISIDRO_132kV_2,diesel,15.0,-27.0922813,-54.86259001,6.0,ARISDI01 -> A.VALLE -> AVAL.SEC -> A.VALLE -> PMINERAL_B2 -> ROCA_B1 -> S.ISIDRO.B
2651-6,BBLMDI06,MOTOR. B.BLANCA,BBLM,2206.0,B.BLANCA_132kV_1,diesel,16.67,-38.78518122,-62.25307995,7.0,BBLMDI46 -> PBUENA2 -> URBANABB -> PQBB. 3 -> SUR -> CHANARES -> NORTE II -> B.BCA 1
3681-2,PILBDI02,PILAR BSAS,PILB,3122.0,RODRGUEZ_220kV_2,diesel,16.73,-34.40322093,-58.96605226,9.0,PILBDI13 -> CTPILAR -> PILAR.BA -> PI.PILAR.BA -> P.I. N4 -> MANZONE -> P.I. N3 -> P.I. N2 -> RODRIG02 -> RODRIGU2
2651-4,BBLMDI04,MOTOR. B.BLANCA,BBLM,2206.0,B.BLANCA_132kV_1,diesel,16.67,-38.78518122,-62.25307995,7.0,BBLMDI46 -> PBUENA2 -> URBANABB -> PQBB. 3 -> SUR -> CHANARES -> NORTE II -> B.BCA 1
2644-2,BBLMDI02,MOTOR. B.BLANCA,BBLM,2206.0,B.BLANCA_132kV_1,diesel,16.67,-38.78518122,-62.25307995,7.0,BBLMDI13 -> PBUENA2 -> URBANABB -> PQBB. 3 -> SUR -> CHANARES -> NORTE II -> B.BCA 1
2644-1,BBLMDI01,MOTOR. B.BLANCA,BBLM,2206.0,B.BLANCA_132kV_1,diesel,16.67,-38.78518122,-62.25307995,7.0,BBLMDI13 -> PBUENA2 -> URBANABB -> PQBB. 3 -> SUR -> CHANARES -> NORTE II -> B.BCA 1
2644-3,BBLMDI03,MOTOR. B.BLANCA,BBLM,2206.0,B.BLANCA_132kV_1,diesel,16.67,-38.78518122,-62.25307995,7.0,BBLMDI13 -> PBUENA2 -> URBANABB -> PQBB. 3 -> SUR -> CHANARES -> NORTE II -> B.BCA 1
5606-1,PMISTV01,PPEL MISIONERO,PMIS,5322.0,S.ISIDRO_132kV_2,biomass,1.99,-26.93609588,-55.12240325,5.0,PMISTV01 -> PAPEL MIS -> PMINERAL -> PMINERAL_B2 -> ROCA_B1 -> S.ISIDRO.B
8672-2,LEDE.TV02,LEDESMA,LEDE,8300.0,JUANCITO_132kV,ocgt,1.6837,-23.82715825,-64.79335888,4.0,LEDE.TV02 -> LIBER33_01 -> LIBERTADOR -> SPED.JUJ -> JUANCITO
4616-4,CGOMDI04,CATADA DE GOMEZ,CGOM,4313.0,S.TOME_132kV_2,diesel,16.5,-32.76223102,-61.45201897,7.0,CGOMDI34 -> CGOMEZ_NOR -> PAREJAS -> L.ROSAS -> S.JORGE -> MA.JUANA -> S.CARLOS -> S.TOME 2
4614-2,CGOMDI02,CATADA DE GOMEZ,CGOM,4313.0,S.TOME_132kV_2,diesel,16.3,-32.76223102,-61.45201897,7.0,CGOMDI12 -> CGOMEZ_NOR -> PAREJAS -> L.ROSAS -> S.JORGE -> MA.JUANA -> S.CARLOS -> S.TOME 2
4616-3,CGOMDI03,CATADA DE GOMEZ,CGOM,4313.0,S.TOME_132kV_2,diesel,16.5,-32.76223102,-61.45201897,7.0,CGOMDI34 -> CGOMEZ_NOR -> PAREJAS -> L.ROSAS -> S.JORGE -> MA.JUANA -> S.CARLOS -> S.TOME 2
4614-1,CGOMDI01,CATADA DE GOMEZ,CGOM,4313.0,S.TOME_132kV_2,diesel,16.5,-32.76223102,-61.45201897,7.0,CGOMDI12 -> CGOMEZ_NOR -> PAREJAS -> L.ROSAS -> S.JORGE -> MA.JUANA -> S.CARLOS -> S.TOME 2
5642-1,PIRADI01,PIRANE,PIRA,5221.0,GRANFORMOSA_132kV_1,diesel,15.7,-25.67873072,-59.07550692,3.0,PIRADI01 -> PIR.TER1 -> PIRANE -> GR.FORMOSA A
8695-1,TINODI01,TINOGASTA ENARS,TINO,8232.0,BRACHO_132kV_3,diesel,15.0,-28.04841203,-67.56631478,9.0,TINODI01 -> TINOG13_01 -> TINOGAST -> BELEN -> ANDALGAL -> ACONQUIJ -> V.QUINTE -> A.BLANCA -> INDEPEN1 -> BRACHO2
8660-3,LRIOTG23,LA RIOJA,LRIO,8271.0,RIOJASUR_132kV,ocgt,12.94,-29.38269554,-66.83397088,2.0,LRIOTG13 -> RIOJA NORTE -> RIOJASUR
6630-1,SFRATG01,SAN FRANCISCO,SFRA,6252.0,MALVINAS_132kV,ocgt,10.8,-31.43834872,-62.11119086,3.0,SFRATG12 -> SAN FCO. -> ARRO-CBA -> MALVINAS
6605-1,DFUNTG01,DEAN FUNES,DFUN,6252.0,MALVINAS_132kV,ocgt,12.139,-31.39284014,-64.20573672,4.0,DFUNTG12 -> OESTE -> RD.BUSTO -> NORTE -> MALVINAS
8660-1,LRIOTG21,LA RIOJA,LRIO,8271.0,RIOJASUR_132kV,ocgt,12.96,-29.38269554,-66.83397088,2.0,LRIOTG13 -> RIOJA NORTE -> RIOJASUR
6691-2,VMARTG02,VILLA MARIA,VMAR,6203.0,A.CABRAL_132kV,ocgt,12.5,-32.43139299,-63.19264458,2.0,VMARTG12 -> V.MARIA -> A.CABRAL
6605-2,DFUNTG02,DEAN FUNES,DFUN,6252.0,MALVINAS_132kV,ocgt,10.8,-31.39284014,-64.20573672,4.0,DFUNTG12 -> OESTE -> RD.BUSTO -> NORTE -> MALVINAS
6693-3,VMARTG03,VILLA MARIA,VMAR,6203.0,A.CABRAL_132kV,ocgt,10.1,-32.43139299,-63.19264458,2.0,VMARTG03 -> V.MARIA -> A.CABRAL
6691-1,VMARTG01,VILLA MARIA,VMAR,6203.0,A.CABRAL_132kV,ocgt,12.5,-32.43139299,-63.19264458,2.0,VMARTG12 -> V.MARIA -> A.CABRAL
6624-1,BVILDI01,BELL VILLE,BVIL,6203.0,A.CABRAL_132kV,diesel,15.6,-32.6101419,-62.68588485,5.0,BVILDI01 -> BVILDI01 -> B.VILLE -> V.MARIA1 -> V.MARIA -> A.CABRAL
8693-1,ANATDI02,AÑATUYA,ANAT,8302.0,MQUEMADO_132kV,diesel,11.4,-28.44561969,-62.85533276,7.0,ANATDI02 -> ANATUYA -> ANATUYA -> S.CORRAL -> QUIMILI -> CAMPOGALLO -> COPO -> MQUEMADO
2638-1,LOBODI01,LOBOS ENARSA,LOBO,3365.0,RODRGUEZ_132kV_5,diesel,19.68,-35.19111219,-59.07861311,8.0,LOBODI01 -> LOBOS -> LOBOS 66 -> LHERAS66 -> LUJAN -> LUJANBA2 -> MALVIBA1 -> P.I. N1 -> RODRIG01
5651-1,CASTDI01,CASTELLI,CAST,5237.0,CHACO_132kV,diesel,13.0,-25.95640324,-60.62031079,6.0,CASTDI01 -> CASTELLI -> CASTELLI -> CASTELLI -> 3ISLETAS -> R.S.PENA -> CHACO
2641-1,LINCDI01,LINCOLN,LINC,2104.0,HENDERS2_220kV,diesel,14.0,-34.85690968,-61.52040883,5.0,LINCDI01 -> LINCO13_01 -> LINCOLN -> BRAGADO1 -> BRAGADO -> HENDERSO
8618-1,PICADI01,P.IND.CAT ENARS,PICA,8292.0,RECREO_132kV,diesel,12.3,-28.53378233,-65.80011648,5.0,PICADI01 -> CAT.SEC1 -> CATAMARC -> PICATA -> EM S.MARTIN -> RECREO
2640-7,MDAJTG17,MAR DE AJO,MDAJ,2410.0,VIVORATA_132kV,ocgt,13.0,-36.72077028,-56.69394018,5.0,MDAJTG57 -> TG MAJO1 -> PINAMAR -> VADELMAR -> V.GESSEL -> VIVORATA
5632-1,SPE2DI01,SAENZ PEÑA II,SPE2,5237.0,CHACO_132kV,diesel,7.7,-26.81507474,-60.41254588,4.0,SPE2DI01 -> R.S.PENA -> RSPENA12 -> R.S.PENA -> CHACO
2640-5,MDAJTG15,MAR DE AJO,MDAJ,2410.0,VIVORATA_132kV,ocgt,13.5,-36.72077028,-56.69394018,5.0,MDAJTG57 -> TG MAJO1 -> PINAMAR -> VADELMAR -> V.GESSEL -> VIVORATA
5604-1,BSROTV01,BM Santa Rosa,BSRO,5242.0,P.PATRIA_132kV,biomass,15.0,-28.23819438,-58.06710059,7.0,BSROTV01 -> PISROS33 -> STA.ROSA -> SALADAS -> C.BRUGNE -> C.BRUGNE -> S.CATALI -> P.PATRIA
464-1,PTR1TG24,PICO TRUNCADO 1,PTR1,461.0,SCN_500_132kV,ocgt,0.0,-46.78450301,-67.95030779,2.0,PTR1TG24 -> PT1-132M -> SCN_132
466-1,PTR1TG25,PICO TRUNCADO 1,PTR1,461.0,SCN_500_132kV,ocgt,13.2,-46.78450301,-67.95030779,2.0,PTR1TG25 -> PT1-132M -> SCN_132
8685-1,ORADDI01,ORAN ENARSA,ORAD,8300.0,JUANCITO_132kV,diesel,14.0,-23.13516727,-64.29926184,8.0,ORADDI01 -> ORA.TER -> ORAN -> TABACAL -> PICHANAL -> CAIMANCI -> LIBERTADOR -> SPED.JUJ -> JUANCITO
2609-V,MDPATG19,MAR DEL PLATA,MDPA,2410.0,VIVORATA_132kV,ocgt,14.5,-38.05020004,-57.54646976,6.0,MDPATG19 -> 9 JULIO -> ETSUR.TRANS2 -> ETSUR.MDP -> ETSUR.TRANS1 -> M.PLATA2 -> VIVORATA
2609-9,MDPATG19,MAR DEL PLATA,MDPA,2410.0,VIVORATA_132kV,ocgt,14.5,-38.05020004,-57.54646976,6.0,MDPATG19 -> 9 JULIO -> ETSUR.TRANS2 -> ETSUR.MDP -> ETSUR.TRANS1 -> M.PLATA2 -> VIVORATA
8667-1,LMADHI01,LOS MADERAS,LMADHI,8300.0,JUANCITO_132kV,hydro,15.0,-24.44419872,-65.2197365,3.0,LMADHI01 -> MADERAS -> GUEMES -> JUANCITO
1620-2,AVALTV12,ALTO VALLE,AVAL,1268.0,P.BAND._132kV,ccgt,12.3504,-38.95215988,-68.02181581,4.0,AVALTV12 -> A.VALLE -> 5 SALTOS -> PPBAND -> P.BAND.
8669-2,LMADHI02,LOS MADERAS,LMADHI,8300.0,JUANCITO_132kV,hydro,15.0,-24.44419872,-65.2197365,3.0,LMADHI02 -> MADERAS -> GUEMES -> JUANCITO
1620-1,AVALTV12,ALTO VALLE,AVAL,1268.0,P.BAND._132kV,ccgt,12.3504,-38.95215988,-68.02181581,4.0,AVALTV12 -> A.VALLE -> 5 SALTOS -> PPBAND -> P.BAND.
468-1,PTR1TG23,PICO TRUNCADO 1,PTR1,461.0,SCN_500_132kV,ocgt,14.5,-46.78450301,-67.95030779,3.0,PTR1TG23 -> PTRUN235 -> PT1-132M -> SCN_132
8660-2,LRIOTG22,LA RIOJA,LRIO,8271.0,RIOJASUR_132kV,ocgt,11.969,-29.38269554,-66.83397088,2.0,LRIOTG13 -> RIOJA NORTE -> RIOJASUR
5635-1,VANGDI01,V.ANGELA ENARSA,VANG,5237.0,CHACO_132kV,diesel,12.5,-27.58051223,-60.70987546,5.0,VANGDI01 -> VANG.TER -> V.ANGELA -> V.ANGE.NORT -> S.BERNARDO -> CHACO
6641-1,LMO1HI01,LOS MOLINOS,LMO1HI,6202.0,ALMAFUE._132kV_2,hydro,12.0,-31.83810854,-64.44628901,3.0,LMO1HI01 -> MOLINOS -> REOLIN 2 -> ALMAFUE2
6643-3,LMO1HI03,LOS MOLINOS,LMO1HI,6202.0,ALMAFUE._132kV_2,hydro,12.0,-31.83810854,-64.44628901,3.0,LMO1HI03 -> MOLINOS -> REOLIN 2 -> ALMAFUE2
6644-4,LMO1HI04,LOS MOLINOS,LMO1HI,6202.0,ALMAFUE._132kV_2,hydro,12.0,-31.83810854,-64.44628901,3.0,LMO1HI04 -> MOLINOS -> REOLIN 2 -> ALMAFUE2
6642-2,LMO1HI02,LOS MOLINOS,LMO1HI,6202.0,ALMAFUE._132kV_2,hydro,12.0,-31.83810854,-64.44628901,3.0,LMO1HI02 -> MOLINOS -> REOLIN 2 -> ALMAFUE2
7678-2,CONDHI02,C.H. A.CONDARCO,CONDHI,7216.0,GRAN MZA_132kV,hydro,14.6539,-33.0444307,-69.05093542,8.0,CONDHI02 -> CH.ACOND -> CH.SMART -> CARBOM.B -> G.CRUZ B -> CARBOM.A -> CRUZPIED -> CRUZPIED -> GRAN MZA
7679-3,CONDHI03,C.H. A.CONDARCO,CONDHI,7216.0,GRAN MZA_132kV,hydro,14.6539,-33.0444307,-69.05093542,8.0,CONDHI03 -> CH.ACOND -> CH.SMART -> CARBOM.B -> G.CRUZ B -> CARBOM.A -> CRUZPIED -> CRUZPIED -> GRAN MZA
2699-1,CERITV01,ECOENERG CERRI,CERI,2206.0,B.BLANCA_132kV_1,steam,9.154,-38.68598026,-62.39617042,6.0,CERITV01 -> ETANO -> PUNTO_E -> CHANARES -> CHANARES -> NORTE II -> B.BCA 1
2680-1,VGESTG18,VILLA GESELL,VGES,2410.0,VIVORATA_132kV,ocgt,80.0,-37.2489621,-56.9976082,2.0,VGESTG12 -> V.GESSEL -> VIVORATA
2680-2,VGESTG11,VILLA GESELL,VGES,2410.0,VIVORATA_132kV,ocgt,13.93,-37.2489621,-56.9976082,2.0,VGESTG12 -> V.GESSEL -> VIVORATA
2685-1,MAT3EO,P.E. MATACO III,MAT3EO,2208.0,B.BLANCA_132kV_2,wind,36.0,-38.31133781,-62.27637975,4.0,MAT3EO01 -> MAT333_01 -> TRESP33_01 -> TRESPICO.O -> B.BCA2
5603-1,ESCOTV01,C.T. LA ESCONDIDA.  INDUNOR S.A.,ESCO,5234.0,RESISTEN_132kV_2,biomass,10.067,-27.10676027,-59.44265912,4.0,ESCOTV01 -> ESCON33_02 -> ESCON33_01 -> LA ESCONDIDA -> RESISTE2
6659-2,RTERTG02,13 DE JULIO,RTER,6202.0,ALMAFUE._132kV_2,ocgt,12.84,-32.16109796,-64.154292,2.0,RTERTG02 -> CT 13JULIO -> ALMAFUE2
8657-1,LRISDI01,L.RIOJA SUR ENA,LRIS,8271.0,RIOJASUR_132kV,diesel,10.0,-29.43883237,-66.83353659,4.0,LRISDI01 -> CDSUR -> RIOJ.TER -> RIOJA NORTE -> RIOJASUR
6658-1,RTERTG01,13 DE JULIO,RTER,6202.0,ALMAFUE._132kV_2,ocgt,12.84,-32.16109796,-64.154292,2.0,RTERTG01 -> CT 13JULIO -> ALMAFUE2
7619-1,ULL4FV01,P.S. Ullum 4,ULL4FV,7203.0,NVA.SJUAN_132kV,solar,13.5,-31.38524463,-68.67810112,6.0,ULL4FV01 -> ULLUM.4_33 -> SOLAR.SJ_33 -> SOL.ULLUM -> COSTANERA -> LA BEBIDA -> NVA.SJUAN
8683-1,CHLEDI01,CHILECITO ENARS,CHLE,8271.0,RIOJASUR_132kV,diesel,10.0,-29.15725167,-67.50740879,6.0,CHLEDI01 -> CHILECIT -> CHILECIT -> NONOGAS. -> NONOGSTA -> EMPIQUETE63 -> RIOJASUR
7611-1,CDPITG21,CRUZ DE PIEDRA,CDPI,7216.0,GRAN MZA_132kV,ocgt,0.0,-33.03457553,-68.79576153,2.0,CDPITG21 -> CRUZPIED -> GRAN MZA
6663-3,REOLHI03,BENJAMIN REOLIN,REOLHI,6200.0,ALMAFUE._132kV_1,hydro,11.0,-32.19094996,-64.32306245,2.0,REOLHI03 -> REOLIN 1 -> ALMAFUE1
6662-2,REOLHI02,BENJAMIN REOLIN,REOLHI,6200.0,ALMAFUE._132kV_1,hydro,11.0,-32.19094996,-64.32306245,2.0,REOLHI02 -> REOLIN 1 -> ALMAFUE1
6661-1,REOLHI01,BENJAMIN REOLIN,REOLHI,6200.0,ALMAFUE._132kV_1,hydro,11.0,-32.19094996,-64.32306245,2.0,REOLHI01 -> REOLIN 1 -> ALMAFUE1
4610-1,SSALDI01,S.SALVADOR ERIO,SSAL,4247.0,GRAN.PNA_132kV,diesel,10.8,-31.61058456,-58.48812014,5.0,SSALDI01 -> SSALV33 -> SSALV-ER -> VILLAGUA -> ELPINGO -> GRAN.PNA
4611-1,LPAZDI01,LA PAZ E.RIOS,LPAZ,4295.0,SGDE.ARG_132kV_2,diesel,10.8,-30.75037506,-59.60168914,4.0,LPAZDI01 -> LPAZ33_01 -> LAPAZ -> FEDERAL -> SGDE.ARG2
3696-1,LPLADI01,LA PLATA,LPLA,3100.0,ABASTO_220kV,diesel,40.4,-34.93496602,-58.01816901,6.0,LPLADI01 -> CTLAPLATA1 -> LAPLATA -> LAPLATA_TR1 -> LA PLATA1 -> LA PLATA -> ABASTO
3698-3,LPLADI03,LA PLATA,LPLA,3100.0,ABASTO_220kV,diesel,10.5303,-34.93496602,-58.01816901,6.0,LPLADI03 -> CTLAPLATA3 -> LAPLATA -> LAPLATA_TR1 -> LA PLATA1 -> LA PLATA -> ABASTO
8694-1,FIAMFV01,P.S. FIAMBALA,FIAMFV,8232.0,BRACHO_132kV_3,solar,11.0,-27.73944444,-67.64222222,12.0,FIAMFV01 -> FIAMFV_02 -> FIAMFV_01 -> FIAM33 -> FIAMBALA -> TINOGAST -> BELEN -> ANDALGAL -> ACONQUIJ -> V.QUINTE -> A.BLANCA -> INDEPEN1 -> BRACHO2
3697-2,LPLADI02,LA PLATA,LPLA,3100.0,ABASTO_220kV,diesel,9.8283,-34.93496602,-58.01816901,6.0,LPLADI02 -> CTLAPLATA2 -> LAPLATA -> LAPLATA_TR1 -> LA PLATA1 -> LA PLATA -> ABASTO
3699-4,LPLADI04,LA PLATA,LPLA,3100.0,ABASTO_220kV,diesel,9.5112,-34.93496602,-58.01816901,6.0,LPLADI04 -> CTLAPLATA4 -> LAPLATA -> LAPLATA_TR1 -> LA PLATA1 -> LA PLATA -> ABASTO
4621-1,VIALDI01,VIALE E. RIOS,VIAL,4247.0,GRAN.PNA_132kV,diesel,4.6,-31.89802938,-60.01640975,7.0,VIALDI01 -> VIALE -> VIALE -> SEGUI -> CRES.SEC -> CRESPO.1 -> SBENITO3 -> GRAN.PNA
4617-3,PERZDI03,PEREZ SECCO,PERZ,2245.0,HENDERS2_132kV,diesel,9.7,-33.01918172,-60.82490444,10.0,PERZDI14 -> PEREZ -> CASILDA2 -> CHABAS -> FIRMAT -> V.TUERTO -> RUFINO -> CHARLONE -> G.VILLEG -> PEHUAJO -> HENDERS2
4612-5,OCAMDI05,VILLA OCAMPO,OCAM,4274.0,ROMANG_132kV,diesel,9.6,-28.5159884,-59.34510986,4.0,OCAMDI35 -> VOCAMP_SUR -> AVELLANEDA -> RECONQUI -> ROMANG
4608-1,OCAMDI01,VILLA OCAMPO,OCAM,4274.0,ROMANG_132kV,diesel,9.6,-28.5159884,-59.34510986,4.0,OCAMDI12 -> VOCAMP_SUR -> AVELLANEDA -> RECONQUI -> ROMANG
4617-4,PERZDI04,PEREZ SECCO,PERZ,2245.0,HENDERS2_132kV,diesel,9.8,-33.01918172,-60.82490444,10.0,PERZDI14 -> PEREZ -> CASILDA2 -> CHABAS -> FIRMAT -> V.TUERTO -> RUFINO -> CHARLONE -> G.VILLEG -> PEHUAJO -> HENDERS2
4617-2,PERZDI02,PEREZ SECCO,PERZ,2245.0,HENDERS2_132kV,diesel,9.9,-33.01918172,-60.82490444,10.0,PERZDI14 -> PEREZ -> CASILDA2 -> CHABAS -> FIRMAT -> V.TUERTO -> RUFINO -> CHARLONE -> G.VILLEG -> PEHUAJO -> HENDERS2
4617-1,PERZDI01,PEREZ SECCO,PERZ,2245.0,HENDERS2_132kV,diesel,9.7,-33.01918172,-60.82490444,10.0,PERZDI14 -> PEREZ -> CASILDA2 -> CHABAS -> FIRMAT -> V.TUERTO -> RUFINO -> CHARLONE -> G.VILLEG -> PEHUAJO -> HENDERS2
4618-5,PERZDI05,PEREZ SECCO,PERZ,2245.0,HENDERS2_132kV,diesel,9.8,-33.01918172,-60.82490444,10.0,PERZDI58 -> PEREZ -> CASILDA2 -> CHABAS -> FIRMAT -> V.TUERTO -> RUFINO -> CHARLONE -> G.VILLEG -> PEHUAJO -> HENDERS2
4618-6,PERZDI06,PEREZ SECCO,PERZ,2245.0,HENDERS2_132kV,diesel,9.8,-33.01918172,-60.82490444,10.0,PERZDI58 -> PEREZ -> CASILDA2 -> CHABAS -> FIRMAT -> V.TUERTO -> RUFINO -> CHARLONE -> G.VILLEG -> PEHUAJO -> HENDERS2
4612-3,OCAMDI03,VILLA OCAMPO,OCAM,4274.0,ROMANG_132kV,diesel,9.6,-28.5159884,-59.34510986,4.0,OCAMDI35 -> VOCAMP_SUR -> AVELLANEDA -> RECONQUI -> ROMANG
4618-7,PERZDI07,PEREZ SECCO,PERZ,2245.0,HENDERS2_132kV,diesel,9.8,-33.01918172,-60.82490444,10.0,PERZDI58 -> PEREZ -> CASILDA2 -> CHABAS -> FIRMAT -> V.TUERTO -> RUFINO -> CHARLONE -> G.VILLEG -> PEHUAJO -> HENDERS2
4612-4,OCAMDI04,VILLA OCAMPO,OCAM,4274.0,ROMANG_132kV,diesel,9.7,-28.5159884,-59.34510986,4.0,OCAMDI35 -> VOCAMP_SUR -> AVELLANEDA -> RECONQUI -> ROMANG
4608-2,OCAMDI02,VILLA OCAMPO,OCAM,4274.0,ROMANG_132kV,diesel,9.7,-28.5159884,-59.34510986,4.0,OCAMDI12 -> VOCAMP_SUR -> AVELLANEDA -> RECONQUI -> ROMANG
4618-8,PERZDI08,PEREZ SECCO,PERZ,2245.0,HENDERS2_132kV,diesel,9.7,-33.01918172,-60.82490444,10.0,PERZDI58 -> PEREZ -> CASILDA2 -> CHABAS -> FIRMAT -> V.TUERTO -> RUFINO -> CHARLONE -> G.VILLEG -> PEHUAJO -> HENDERS2
8666-1,TINZFV01,P.S.F.V TINOGASTA TOZZI,TINZFV,8232.0,BRACHO_132kV_3,solar,11.9,-28.08779021,-67.53103607,10.0,TINZFV01 -> TINO.TOZZI -> TINOG33_01 -> TINOGAST -> BELEN -> ANDALGAL -> ACONQUIJ -> V.QUINTE -> A.BLANCA -> INDEPEN1 -> BRACHO2
2688-1,GRIOEO01,P.E. GARCIA DEL RIO,GRIOEO,2206.0,B.BLANCA_132kV_1,wind,10.0,-38.40682928,-62.25974509,6.0,GRIOEO01 -> GRIO33_1 -> GRIO33_2 -> NORTE_1 -> NORTE2_2 -> NORTE II -> B.BCA 1
673-3,RCHITG03,RIO CHICO,RCHI,117.0,ESPERANZ_220kV,ocgt,0.0,-51.66708814,-69.21646693,3.0,RCHITG03 -> RGALLEGO -> RGALLEGO -> ESPERANZ
6619-1,CUM3FV,P.S. LA CUMBRE III,CUM3FV,6286.0,LUJAN.SL_132kV_2,solar,12.0,-33.35378698,-66.1232543,3.0,CUM3FV -> SAN LUIS -> SAN LUIS -> LUJAN.SL
5668-1,CHARDI02,CHARATA ENARSA,CHAR,5237.0,CHACO_132kV,diesel,11.2,-27.23726196,-61.19439827,6.0,CHARDI02 -> CHARATA -> CHARATA -> TBRENAS -> C.LARGO -> PI.P.INF -> CHACO
7691-1,SARCTG21,SARMIENTO SJ,SARC,7203.0,NVA.SJUAN_132kV,ocgt,9.97,-31.51282916,-68.53992485,4.0,SARCTG12 -> SARMISJU -> SAN JUAN -> SANJUAN1 -> NVA.SJUAN
7691-2,SARCTG22,SARMIENTO SJ,SARC,7203.0,NVA.SJUAN_132kV,ocgt,9.97,-31.51282916,-68.53992485,4.0,SARCTG12 -> SARMISJU -> SAN JUAN -> SANJUAN1 -> NVA.SJUAN
7693-3,SARCTG23,SARMIENTO SJ,SARC,7203.0,NVA.SJUAN_132kV,ocgt,9.97,-31.51282916,-68.53992485,4.0,SARCTG23 -> SARMISJU -> SAN JUAN -> SANJUAN1 -> NVA.SJUAN
1609-1,VICTFV,P.S. VICTORICA,VICTFV,1289.0,MACACHIN_132kV,solar,56.0,-36.23121282,-65.43219998,8.0,VICTFV -> VICTORICA08 -> PSVICTO33KV -> LINEA33KV -> CABLE33KV -> VICTORICA_33 -> M.MAYER -> S. ROSA -> MACACHIN
5667-1,CHARDI01,CHARATA ENARSA,CHAR,5237.0,CHACO_132kV,diesel,8.2,-27.23726196,-61.19439827,6.0,CHARDI01 -> CHARATA -> CHARATA -> TBRENAS -> C.LARGO -> PI.P.INF -> CHACO
7615-1,CARRHI01,CH CARRIZAL,CARRHI,7216.0,GRAN MZA_132kV,hydro,8.5,-33.29928226,-68.71994362,6.0,CARRHI01 -> CARRIZAL -> ARGENTIN -> ANCHORIZ -> ANCHORIZ -> CRUZPIED -> GRAN MZA
7616-2,CARRHI02,CH CARRIZAL,CARRHI,7216.0,GRAN MZA_132kV,hydro,8.5,-33.29928226,-68.71994362,6.0,CARRHI02 -> CARRIZAL -> ARGENTIN -> ANCHORIZ -> ANCHORIZ -> CRUZPIED -> GRAN MZA
7623-1,CVIEHI01,CTA. DEL VIENTO,CVIEHI,7203.0,NVA.SJUAN_132kV,hydro,10.55,-30.19594334,-69.06258652,6.0,CVIEHI01 -> CVIENTO -> JACHAL -> JACHAL -> COSTANERA -> LA BEBIDA -> NVA.SJUAN
8641-1,ESCAHI01,ESCABA,ESCAHI,8232.0,BRACHO_132kV_3,hydro,5.6667,-27.63718077,-65.74762403,7.0,ESCAHI01 -> ESCABA -> AGUILARE -> A.VERDE -> V.QUINTE -> A.BLANCA -> INDEPEN1 -> BRACHO2
5652-1,GOYDDI01,CT GOYA ENARSA,GOYD,5290.0,MERCEDES_132kV,diesel,13.0,-29.15848133,-59.27330936,7.0,GOYDDI01 -> GOYA2 -> GOYA33_01 -> GOYA -> PI.GOYA -> GOYA.OES -> MERCE.CO -> MERCEDES
7624-1,UL42FV01,P.S. ULLUM 4 (AMPLIACION MATER),UL42FV,7203.0,NVA.SJUAN_132kV,solar,7.0,-31.39072216,-68.68037795,6.0,UL42FV01 -> ULL.4_33 -> SOLAR.SJ_33 -> SOL.ULLUM -> COSTANERA -> LA BEBIDA -> NVA.SJUAN
8642-2,ESCAHI02,ESCABA,ESCAHI,8232.0,BRACHO_132kV_3,hydro,5.6667,-27.63718077,-65.74762403,7.0,ESCAHI02 -> ESCABA -> AGUILARE -> A.VERDE -> V.QUINTE -> A.BLANCA -> INDEPEN1 -> BRACHO2
8643-3,ESCAHI03,ESCABA,ESCAHI,8232.0,BRACHO_132kV_3,hydro,5.6667,-27.63718077,-65.74762403,7.0,ESCAHI03 -> ESCABA -> AGUILARE -> A.VERDE -> V.QUINTE -> A.BLANCA -> INDEPEN1 -> BRACHO2
8680-1,RHONHI12,RIO HONDO,RHONHI,8313.0,SANTIAGO_132kV,hydro,8.55,-27.52333472,-64.88583842,4.0,RHONHI12 -> R.HONDO -> SGO.OEST -> PI SGO OESTE -> SANTIAGO
8680-2,RHONHI12,RIO HONDO,RHONHI,8313.0,SANTIAGO_132kV,hydro,8.55,-27.52333472,-64.88583842,4.0,RHONHI12 -> R.HONDO -> SGO.OEST -> PI SGO OESTE -> SANTIAGO
8681-1,PVIEHI01,PUEBLO VIEJO,PVIEHI,8232.0,BRACHO_132kV_3,hydro,7.5,-27.14488166,-65.75201041,5.0,PVIEHI01 -> P.VIEJO -> V.QUINTE -> A.BLANCA -> INDEPEN1 -> BRACHO2
8682-2,PVIEHI02,PUEBLO VIEJO,PVIEHI,8232.0,BRACHO_132kV_3,hydro,7.5,-27.14488166,-65.75201041,5.0,PVIEHI02 -> P.VIEJO -> V.QUINTE -> A.BLANCA -> INDEPEN1 -> BRACHO2
8619-1,TERVDI01,TEREVINTOS ENAR,TERV,8292.0,RECREO_132kV,diesel,8.0,-28.42865858,-65.78755003,5.0,TERVDI01 -> CATA.TER -> CATAMARC -> PICATA -> EM S.MARTIN -> RECREO
4629-1,AVELDI01,C.T. AVELLANEDA. SANTA FE,AVEL,4274.0,ROMANG_132kV,biogas,6.3,-29.11793082,-59.64074946,4.0,AVELDI01 -> AVELL33_01 -> AVELLANEDA -> RECONQUI -> ROMANG
1634-1,LDLMDI01,CT LOMA DE LA LATA MOTORES,LDLM,1268.0,P.BAND._132kV,diesel,5.4,-38.51097444,-68.60637826,3.0,LDLMDI01 -> PPBAN33_01 -> PPBAND -> P.BAND.
6607-2,LVINHI12,LA VINIA,LVINHI,6202.0,ALMAFUE._132kV_2,hydro,0.0,-31.87148296,-65.03606535,4.0,LVINHI12 -> LA VINA -> MOLINOS -> REOLIN 2 -> ALMAFUE2
6607-1,LVINHI12,LA VINIA,LVINHI,6202.0,ALMAFUE._132kV_2,hydro,0.0,-31.87148296,-65.03606535,4.0,LVINHI12 -> LA VINA -> MOLINOS -> REOLIN 2 -> ALMAFUE2
1634-2,LDLMDI01,CT LOMA DE LA LATA MOTORES,LDLM,1268.0,P.BAND._132kV,diesel,5.4,-38.51097444,-68.60637826,3.0,LDLMDI01 -> PPBAN33_01 -> PPBAND -> P.BAND.
5669-1,PPATDI01,PASO DE LA PATR,PPAT,5242.0,P.PATRIA_132kV,diesel,5.9,-27.32347292,-58.56630293,5.0,PPATDI01 -> P.PATR -> PIRAYU -> PIRAYU -> PIQ.P.PATRIA -> P.PATRIA
7603-2,ETIGHI12,EL TIGRE,ETIGHI,7216.0,GRAN MZA_132kV,hydro,6.85,-34.60794413,-68.61292983,6.0,ETIGHI12 -> EL TIGRE -> VARGAS -> CAPIZ -> ANCHORIZ -> CRUZPIED -> GRAN MZA
7603-1,ETIGHI12,EL TIGRE,ETIGHI,7216.0,GRAN MZA_132kV,hydro,6.85,-34.60794413,-68.61292983,6.0,ETIGHI12 -> EL TIGRE -> VARGAS -> CAPIZ -> ANCHORIZ -> CRUZPIED -> GRAN MZA
663-1,RESCHI01,H RIO ESCONDIDO,RESCHI,224.0,NPMADRYN_330kV,hydro,4.2031,-41.69133596,-71.56193287,12.0,RESCHI01 -> R.ESCONDIDO -> ELBOLSON -> LPU-EBL -> LGO-EBL -> GOLONDRI -> ELCOIHUE -> ELCOIHUE -> ESQUE132 -> FUTAL132 -> FUTAL330 -> PMADR330 -> NPMAD330
3940-1,ENRSDI01,C.T. ENSENADA. BRS,ENRS,3100.0,ABASTO_220kV,biogas,4.25,-34.85173705,-57.96610648,8.0,ENRSDI01 -> DIQUE2 -> DIQUE2 -> ENS.BARRAG1 -> ENS.BARRAG_1 -> P1 BAR-HUD -> HUDSON -> BOSQUES -> ABASTO
7685-1,HON1FV01,P.S. C.HONDA 1,HON1FV,7216.0,GRAN MZA_132kV,solar,3.0,-31.98636435,-68.53982314,4.0,HON1FV01 -> C.HONDA33 -> C.HONDA -> CRUZPIED -> GRAN MZA
8617-1,INTADI01,INTA CATAM ENAR,INTA,8292.0,RECREO_132kV,diesel,7.0,-28.47359965,-65.72762238,5.0,INTADI01 -> CATA.TER -> CATAMARC -> PICATA -> EM S.MARTIN -> RECREO
8674-1,TIN2FV01,P.S. TINOGASTA II,TIN2FV,8232.0,BRACHO_132kV_3,solar,7.0,-28.03851455,-67.55383319,10.0,TIN2FV01 -> TINOGFV_02 -> TINOG13_02 -> TINOGAST -> BELEN -> ANDALGAL -> ACONQUIJ -> V.QUINTE -> A.BLANCA -> INDEPEN1 -> BRACHO2
5634-1,LBLADI01,LAG. BLANCA,LBLA,5221.0,GRANFORMOSA_132kV_1,diesel,7.0,-25.12895427,-58.25965456,4.0,LBLADI01 -> LAGBLANCA -> LAGBLANCA -> CLORINDA -> GR.FORMOSA A
8957-1,LEALTV01,C.T. COGENERACI N INGENIO LEALES,LEAL,8230.0,BRACHO_132kV_2,biomass,2.226,-27.07406674,-65.22887987,2.0,LEALTV01 -> BRAC33_01 -> BRACHO1
5972-1,TIROTV01,C.T. BIOMASA UNITAN.  Puerto Tirol,TIRO,5232.0,RESISTEN_132kV_1,biomass,4.3593,-27.37128186,-59.08724251,3.0,TIROTV01 -> CD5 NEA -> CD5 NEA -> RESISTE1
6683-3,SROQHI03,SAN ROQUE,SROQHI,6252.0,MALVINAS_132kV,hydro,6.0,-31.35334993,-64.39377723,8.0,SROQHI03 -> S.ROQUE1 -> LACALERA -> VIRTBOSC -> BOSCOEPC -> BOSCOEPC -> AUTODROMO -> PIQ AUT-MAL -> MALVINAS
6682-2,SROQHI02,SAN ROQUE,SROQHI,6252.0,MALVINAS_132kV,hydro,6.0,-31.35334993,-64.39377723,8.0,SROQHI02 -> S.ROQUE1 -> LACALERA -> VIRTBOSC -> BOSCOEPC -> BOSCOEPC -> AUTODROMO -> PIQ AUT-MAL -> MALVINAS
6681-1,SROQHI01,SAN ROQUE,SROQHI,6252.0,MALVINAS_132kV,hydro,6.0,-31.35334993,-64.39377723,8.0,SROQHI01 -> S.ROQUE1 -> LACALERA -> VIRTBOSC -> BOSCOEPC -> BOSCOEPC -> AUTODROMO -> PIQ AUT-MAL -> MALVINAS
7610-1,LUNLHI01,P.A.H. LUNLUNTA,LUNLHI,7216.0,GRAN MZA_132kV,hydro,6.296,-33.04377486,-68.79783721,3.0,LUNLHI01 -> CRUZP13_01 -> CRUZPIED -> GRAN MZA
6684-4,SROQHI04,SAN ROQUE,SROQHI,6252.0,MALVINAS_132kV,hydro,6.0,-31.35334993,-64.39377723,8.0,SROQHI04 -> S.ROQUE1 -> LACALERA -> VIRTBOSC -> BOSCOEPC -> BOSCOEPC -> AUTODROMO -> PIQ AUT-MAL -> MALVINAS
5636-1,LPALDI01,L.PALMAS ENARSA,LPAL,5234.0,RESISTEN_132kV_2,diesel,6.7,-27.02869439,-58.69954546,3.0,LPALDI01 -> LPALMAS -> LEONESA -> RESISTE2
6652-1,PMORHI,PIEDRAS MORAS,PMORHI,6200.0,ALMAFUE._132kV_1,hydro,6.6,-32.16756108,-64.24375038,5.0,PMORHI -> P.MORAS33_02 -> P.MORAS33_01 -> REOLIN -> REOLIN 1 -> ALMAFUE1
453-1,DIADEO01,DIADEMA EOLICO,DIADEO,461.0,SCN_500_132kV,wind,6.3,-45.74655472,-67.69410423,6.0,DIADEO01 -> DIAD33_01 -> DIADEMA -> CTPAT132 -> C.RIV.A1 -> PT1-132M -> SCN_132
7647-1,HSR2FV01,P.S. HELIOS SANTA ROSA II,HSR2FV,7216.0,GRAN MZA_132kV,solar,5.2,-33.22606147,-68.19840716,9.0,HSR2FV01 -> SROS13_01 -> SANTA.R -> TPORTICO -> BTUN66_01 -> TUNUYAN -> LC35 -> ANCHORIZ -> CRUZPIED -> GRAN MZA
8630-2,CADIHI12,CADILLAL,CADIHI,8120.0,COBOS_345kV,hydro,6.3,-26.62004998,-65.18683219,6.0,CADIHI12 -> CADILLAL -> TUCUNOR2 -> NOGALES -> METAN -> COBOS -> COBOS
8630-1,CADIHI12,CADILLAL,CADIHI,8120.0,COBOS_345kV,hydro,6.3,-26.62004998,-65.18683219,6.0,CADIHI12 -> CADILLAL -> TUCUNOR2 -> NOGALES -> METAN -> COBOS -> COBOS
5601-1,SCHADI01,S.MART. CHACO,SCHA,5237.0,CHACO_132kV,diesel,14.2,-26.55836607,-59.32006831,6.0,SCHADI01 -> PRESROCA -> PRESROCA -> SMART1CH -> P.PLAZA -> R.S.PENA -> CHACO
5666-1,SROSDI01,STA ROSA CORR,SROS,5242.0,P.PATRIA_132kV,diesel,5.5,-28.26262938,-58.1227875,6.0,SROSDI01 -> STA.ROSA -> SALADAS -> C.BRUGNE -> C.BRUGNE -> S.CATALI -> P.PATRIA
3673-1,SMIGDI01,S.MIGUEL N ENAR,SMIG,3122.0,RODRGUEZ_220kV_2,biogas,10.027,-34.52606744,-58.61816251,8.0,SMIGDI01 -> CTSMIGB -> SMIGUEL2 -> ROTOND2 -> ROTOND2 -> HURLING2 -> MORON -> MORON 1 -> RODRIGU2
3660-1,SMIGDI01,S.MIGUEL N ENAR,SMIG,3122.0,RODRGUEZ_220kV_2,biogas,10.027,-34.52606744,-58.61816251,10.0,SMIGDI01 -> CTSMIGA -> SMIGUEL1 -> ROTOND1 -> ROTOND1 -> MALAVER2 -> ROTOND2 -> HURLING2 -> MORON -> MORON 1 -> RODRIGU2
6685-1,MSEVE.TV01,MARIO SEVESO,MSEV,6252.0,MALVINAS_132kV,steam,2.9808,-31.42027498,-63.03897687,5.0,MSEVE.TV01 -> ARCOR -> ARRO.VIE -> ARRO-CBA -> ARRO-CBA -> MALVINAS
7609-1,HESRFV,P.S.F.V HELIOS SANTA ROSA PV,HESRFV,7216.0,GRAN MZA_132kV,solar,5.0,-33.21477162,-68.1666487,9.0,HESRFV -> SROS13_01 -> SANTA.R -> TPORTICO -> BTUN66_01 -> TUNUYAN -> LC35 -> ANCHORIZ -> CRUZPIED -> GRAN MZA
6601-1,CASSHI01,CASSAFOUSTH,CASSHI,6200.0,ALMAFUE._132kV_1,hydro,5.4,-32.17525312,-64.37441331,4.0,CASSHI01 -> CASSAFOU -> REOLIN -> REOLIN 1 -> ALMAFUE1
6603-3,CASSHI03,CASSAFOUSTH,CASSHI,6200.0,ALMAFUE._132kV_1,hydro,5.4,-32.17525312,-64.37441331,4.0,CASSHI03 -> CASSAFOU -> REOLIN -> REOLIN 1 -> ALMAFUE1
7608-1,ALGRFV01,P.S. ALGARROBO,ALGRFV,7203.0,NVA.SJUAN_132kV,solar,5.6,-31.696959,-68.181749,5.0,ALGRFV01 -> CAUC13_01 -> CAUCETE -> CERVANTES -> LA BEBIDA -> NVA.SJUAN
6602-2,CASSHI02,CASSAFOUSTH,CASSHI,6200.0,ALMAFUE._132kV_1,hydro,5.4,-32.17525312,-64.37441331,4.0,CASSHI02 -> CASSAFOU -> REOLIN -> REOLIN 1 -> ALMAFUE1
6604-1,CSOLFV01,Cerros del Sol,CSOLFV,6286.0,LUJAN.SL_132kV_2,solar,5.0,-33.18624833,-66.34941509,4.0,CSOLFV01 -> CERRO.SOL -> SAN LUIS -> SAN LUIS -> LUJAN.SL
6625-1,SPUNFV01,S. de la Punta,SPUNFV,6286.0,LUJAN.SL_132kV_2,solar,5.0,-33.19333826,-66.34981283,4.0,SPUNFV01 -> CERRO.SOL -> SAN LUIS -> SAN LUIS -> LUJAN.SL
620-2,RESCHI02,H RIO ESCONDIDO,RESCHI,224.0,NPMADRYN_330kV,hydro,3.0269,-41.69133596,-71.56193287,12.0,RESCHI02 -> R.ESCONDIDO -> ELBOLSON -> LPU-EBL -> LGO-EBL -> GOLONDRI -> ELCOIHUE -> ELCOIHUE -> ESQUE132 -> FUTAL132 -> FUTAL330 -> PMADR330 -> NPMAD330
7684-1,SANDFV,Planta fotovoltaica Solar de los Andes (MATER),SANDFV,7216.0,GRAN MZA_132kV,solar,5.0,-33.11023239,-68.19204774,7.0,SANDFV01 -> MARCA13_01 -> EL.MARCADO -> LAMBARE -> PIQ.MCAS -> MCAS66_01 -> MCAS.CUY -> GRAN MZA
6824-2,BVILDI01,BELL VILLE,BVIL,6203.0,A.CABRAL_132kV,diesel,15.6,-32.6101419,-62.68588485,4.0,BVILDI01 -> B.VILLE -> V.MARIA1 -> V.MARIA -> A.CABRAL
6824-1,BVILDI01,BELL VILLE,BVIL,6203.0,A.CABRAL_132kV,diesel,15.6,-32.6101419,-62.68588485,4.0,BVILDI01 -> B.VILLE -> V.MARIA1 -> V.MARIA -> A.CABRAL
8634-1,TUNAHI01,EL TUNAL,TUNAHI,8120.0,COBOS_345kV,hydro,5.9,-25.22703224,-64.47643052,5.0,TUNAHI01 -> EL TUNAL -> GALPON -> METAN -> COBOS -> COBOS
8635-2,TUNAHI02,EL TUNAL,TUNAHI,8120.0,COBOS_345kV,hydro,5.9,-25.22703224,-64.47643052,5.0,TUNAHI02 -> EL TUNAL -> GALPON -> METAN -> COBOS -> COBOS
7638-1,HON4FV01,P.S. C. HONDA IV,HON4FV,7216.0,GRAN MZA_132kV,solar,6.0,-31.99056411,-68.54068511,5.0,HON4FV01 -> HON433 -> C.HONDA33 -> C.HONDA -> CRUZPIED -> GRAN MZA
3648-2,ABRODI01,ALTE BROWN ENAR,ABRO,3110.0,EZEIZA_220kV_1,diesel,23.7,-34.83755787,-58.40519123,4.0,ABRODI01 -> A.BROWN -> A.BROWN1 -> A.BROWN2 -> EZEIZA 2
6640-1,LMO2HI01,LOS MOLINOS 2,LMO2HI,6202.0,ALMAFUE._132kV_2,hydro,4.0,-31.84326498,-64.4149442,4.0,LMO2HI01 -> MOL2.TER -> MOLINOS -> REOLIN 2 -> ALMAFUE2
5633-1,JUARDI01,C.T. JUAREZ,JUAR,5221.0,GRANFORMOSA_132kV_1,diesel,4.0,-23.90892271,-61.831564,6.0,JUARDI01 -> JUAREZ -> JUAREZ -> LOMITAS -> IBARRETA -> PIRANE -> GR.FORMOSA A
5638-1,ITATDI01,CT ITATI,ITAT,5242.0,P.PATRIA_132kV,diesel,5.5,-27.31906614,-58.23867605,4.0,ITATDI01 -> PIRAYU -> PIRAYU -> PIQ.P.PATRIA -> P.PATRIA
8691-1,RREYHI12,RIO REYES,RREYHI,8300.0,JUANCITO_132kV,hydro,4.0,-24.16948391,-65.49163488,6.0,RREYHI12 -> REYES -> JUJUYSUR -> JUJUYSUR -> JUJUYEST -> PALPALA -> JUANCITO
8691-2,RREYHI12,RIO REYES,RREYHI,8300.0,JUANCITO_132kV,hydro,4.0,-24.16948391,-65.49163488,6.0,RREYHI12 -> REYES -> JUJUYSUR -> JUJUYSUR -> JUJUYEST -> PALPALA -> JUANCITO
1638-1,SANDHI,SALTO ANDERSEN,SANDHI,1286.0,PUELCHE1_132kV,hydro,7.9,-38.82139794,-64.81720788,3.0,SANDHI -> S.ANDERSEN -> PICHIMAH -> PUELCHES
1638-2,SANDHI,SALTO ANDERSEN,SANDHI,1286.0,PUELCHE1_132kV,hydro,7.9,-38.82139794,-64.81720788,3.0,SANDHI -> S.ANDERSEN -> PICHIMAH -> PUELCHES
2996-1,PERGDI01,C.T. PERGAMINO,PERG,3120.0,RODRGUEZ_220kV_1,biogas,2.4,-33.92390257,-60.53871789,6.0,PERGDI01 -> PERG33_01 -> PERGAMI2 -> RAMALLO1 -> RAMALLOB -> V. LIA -> RODRIGU1
6606-3,FSIMHI13,FITZ SIMON,FSIMHI,6200.0,ALMAFUE._132kV_1,hydro,3.5,-32.17849025,-64.42076476,4.0,FSIMHI13 -> F.SIMONS -> REOLIN -> REOLIN 1 -> ALMAFUE1
6606-2,FSIMHI13,FITZ SIMON,FSIMHI,6200.0,ALMAFUE._132kV_1,hydro,3.5,-32.17849025,-64.42076476,4.0,FSIMHI13 -> F.SIMONS -> REOLIN -> REOLIN 1 -> ALMAFUE1
6606-1,FSIMHI13,FITZ SIMON,FSIMHI,6200.0,ALMAFUE._132kV_1,hydro,3.5,-32.17849025,-64.42076476,4.0,FSIMHI13 -> F.SIMONS -> REOLIN -> REOLIN 1 -> ALMAFUE1
7697-1,COROHI02,CH LS CORONELES,COROHI,7216.0,GRAN MZA_132kV,hydro,3.6,-34.59199054,-68.56034241,7.0,COROHI02 -> 25DEMAYO -> VARGAS -> VARGAS -> CAPIZ -> ANCHORIZ -> CRUZPIED -> GRAN MZA
7696-1,COROHI01,CH LS CORONELES,COROHI,7216.0,GRAN MZA_132kV,hydro,3.6,-34.59199054,-68.56034241,7.0,COROHI01 -> 25DEMAYO -> VARGAS -> VARGAS -> CAPIZ -> ANCHORIZ -> CRUZPIED -> GRAN MZA
5644-1,PIRADI01,PIRANE,PIRA,5221.0,GRANFORMOSA_132kV_1,diesel,15.7,-25.67873072,-59.07550692,3.0,PIRADI01 -> PIR.TER1 -> PIRANE -> GR.FORMOSA A
7617-1,TAMBFV01,Proyecto Solar Tamberias (MATER),TAMBFV,7203.0,NVA.SJUAN_132kV,solar,100.0,-31.39695143,-69.46479048,5.0,TAMBFV01 -> CALIN33_01 -> CALINGASTA -> BAUCHACETA.B -> RODEO -> NVA.SJUAN
7686-1,ANPCFV01,P.S. ANCHIPURAC,ANPCFV,7203.0,NVA.SJUAN_132kV,solar,3.0,-31.60159258,-68.65022145,3.0,ANPCFV01 -> LBEB13_01 -> LA BEBIDA -> NVA.SJUAN
7689-1,DIAGFV01,Proyecto Solar Los Diaguitas (MATER),DIAGFV,7203.0,NVA.SJUAN_132kV,solar,100.0,-31.36917728,-68.45650082,4.0,DIAGFV01 -> COST33_01 -> COSTANERA -> LA BEBIDA -> NVA.SJUAN
3648-3,ABRODI01,ALTE BROWN ENAR,ABRO,3110.0,EZEIZA_220kV_1,diesel,23.7,-34.83755787,-58.40519123,4.0,ABRODI01 -> A.BROWN -> A.BROWN1 -> A.BROWN2 -> EZEIZA 2
7618-1,SMARHI13,CH SAN MARTIN,SMARHI,7216.0,GRAN MZA_132kV,hydro,2.16,-33.04501378,-68.92181601,7.0,SMARHI13 -> CH.SMART -> CARBOM.B -> G.CRUZ B -> CARBOM.A -> CRUZPIED -> CRUZPIED -> GRAN MZA
7618-2,SMARHI13,CH SAN MARTIN,SMARHI,7216.0,GRAN MZA_132kV,hydro,2.16,-33.04501378,-68.92181601,7.0,SMARHI13 -> CH.SMART -> CARBOM.B -> G.CRUZ B -> CARBOM.A -> CRUZPIED -> CRUZPIED -> GRAN MZA
7618-3,SMARHI13,CH SAN MARTIN,SMARHI,7216.0,GRAN MZA_132kV,hydro,2.16,-33.04501378,-68.92181601,7.0,SMARHI13 -> CH.SMART -> CARBOM.B -> G.CRUZ B -> CARBOM.A -> CRUZPIED -> CRUZPIED -> GRAN MZA
8648-2,CITRDI02,C.T. CITRUSVIL,CITR,8230.0,BRACHO_132kV_2,biogas,3.003,-26.85245015,-65.13588815,3.0,CITRDI02 -> CEV.POZO -> CEV.POZO -> BRACHO1
