gen_key,bus_name_origen,geosadi_name,carrier,bus,p_nom_mw,total_energy_mwh,average_power_mw,peak_power_mw,capacity_factor_pct
2620-1,ATU2NUCL,ATUCHA II,nuclear,ATUCHA 2_21kV,645.5654,103694.58,617.23,624.4,95.61
6600-1,EMBANUCL,EMBALSE,nuclear,EMBALSE_22kV,612.6206,101268.93,602.79,605.25,98.4
3619-1,EBARTV01,ENSE. BARRAGAN,steam,ABASTO_220kV,276.73,45415.72,270.33,275.0,97.69
2625-1,BROWTG01,GUILLERMO BROWN,ocgt,GUIBROWN_20kV_1,287.624,42932.56,255.55,274.8,88.85
4693-3,VOBLTV01,CT VUELTA OBLIG,ccgt,R.COROND_15.8kV_3,273.7,42615.8,253.67,258.8,92.68
3617-1,EBARTG01,ENSE. BARRAGAN,ocgt,ABASTO_220kV,271.5,41966.97,249.8,262.4,92.01
2626-2,BROWTG02,GUILLERMO BROWN,ocgt,GUIBROWN_20kV_2,287.92,41627.84,247.78,256.2,86.06
2694-3,AESPTV01,AES-PARANA,ccgt,AES PARA_20kV,294.81,41240.04,245.48,291.0,83.27
3618-2,EBARTG02,ENSE. BARRAGAN,ocgt,ABASTO_220kV,269.2874,40598.72,241.66,250.1,89.74
3645-1,DSUDTG10,DOCK SUD,ccgt,EZEIZA_220kV_1,275.058,40102.18,238.7,247.63,86.78
1606-1,ACAJTV07,AGUA DEL CAJON,ccgt,A.CAJON_132kV_2,256.7,40088.89,238.62,251.8,92.96
3644-1,DSUDTV11,DOCK SUD,ccgt,EZEIZA_220kV_1,272.6495,39861.3,237.27,264.9,87.02
4624-1,TER6TG11,COG Terminal 6,ocgt,TERMINAL_500_20kV,285.36,39853.6,237.22,238.23,83.13
2697-3,GBELTV01,GRAL BELGRANO,ccgt,BELGRANO1_20kV_3,260.228,39582.25,235.61,254.4,90.54
4697-3,TIMBTV01,CT TIMBUES(GSMA,ccgt,R.COROND_20kV_3,262.35,39445.76,234.8,244.37,89.5
3643-3,GEBATV01,C.T. GENELBA,ccgt,EZE GENETV03_15.8kV_1,230.88,38690.43,230.3,230.88,99.75
2692-1,AESPTG01,AES-PARANA,ccgt,AES PARA_15kV_1,253.2,38342.72,228.23,235.89,90.14
2696-2,GBELTG02,GRAL BELGRANO,ccgt,BELGRANO1_20kV_2,266.6,38271.23,227.8,242.2,85.45
4691-1,VOBLTG01,CT VUELTA OBLIG,ccgt,R.COROND_15.8kV_1,262.0,38243.35,227.64,233.0,86.89
3646-2,DSUDTG09,DOCK SUD,ccgt,EZEIZA_220kV_1,274.92,38202.22,227.39,247.34,82.71
2695-1,GBELTG01,GRAL BELGRANO,ccgt,BELGRANO1_20kV_1,265.0,38010.79,226.25,241.2,85.38
4692-2,VOBLTG02,CT VUELTA OBLIG,ccgt,R.COROND_15.8kV_2,264.8,37507.97,223.26,231.5,84.31
4695-1,TIMBTG01,CT TIMBUES(GSMA,ccgt,R.COROND_20kV_1,272.2,37429.38,222.79,230.2,81.85
4696-2,TIMBTG02,CT TIMBUES(GSMA,ccgt,R.COROND_20kV_2,267.3,36577.99,217.73,221.9,81.45
4698-1,BLOPTG01,BRIGAD. LOPEZ,ccgt,S.TOME_132kV_2,279.91,36210.74,215.54,236.6,77.0
3641-1,GEBATG01,C.T. GENELBA,ccgt,EZE.GENETG01_15.8kV,222.07,35935.84,213.9,219.36,96.32
1652-2,PAGUHI02,PIEDRA D AGUILA,hydro,P.AGUILA_15.7kV_2,360.0,35439.62,210.95,360.0,58.6
1654-4,PAGUHI04,PIEDRA D AGUILA,hydro,P.AGUILA_15.7kV_4,360.0,35439.62,210.95,360.0,58.6
1651-1,PAGUHI01,PIEDRA D AGUILA,hydro,P.AGUILA_15.7kV_1,360.0,35439.62,210.95,360.0,58.6
1653-3,PAGUHI03,PIEDRA D AGUILA,hydro,P.AGUILA_15.7kV_3,360.0,35439.62,210.95,360.0,58.6
3642-2,GEBATG02,C.T. GENELBA,ccgt,EZE GENETG02_15.8kV,222.07,35069.54,208.75,218.0,94.0
2693-2,AESPTG02,AES-PARANA,ccgt,AES PARA_15kV_2,253.2,34149.1,203.27,253.2,80.28
3667-1,CEPUTG11,NUEVO PUERTO,ccgt,RODRGUEZ_220kV_2,252.1108,32440.27,193.1,221.79,76.59
3669-1,CEPUTV10,NUEVO PUERTO,ccgt,RODRGUEZ_220kV_2,231.7,32010.41,190.54,224.5,82.23
3610-2,COSTTG09,COSTANERA,ccgt,EZEIZA_220kV_1,258.5,31888.01,189.81,258.5,73.43
3668-2,CEPUTG12,NUEVO PUERTO,ccgt,RODRGUEZ_220kV_2,242.1,30924.3,184.07,215.64,76.03
3658-1,GEBATV02,C.T. GENELBA,steam,EZEIZA_220kV_1,193.63,30861.11,183.7,188.7,94.87
3690-1,GEBATG04,C.T. GENELBA,ocgt,EZE GENETV03_15.8kV,185.9,29063.72,173.0,179.8,93.06
4619-1,RENOTG01,RENOVA ALBANESI,ccgt,R.COROND_132kV,172.0,28724.0,170.98,172.0,99.4
3609-1,COSTTG08,COSTANERA,ccgt,EZEIZA_220kV_1,255.1,27635.52,164.5,236.2,64.48
3647-4,GEBATG03,C.T. GENELBA,ocgt,EZE GENETV03_15.8kV_2,181.5,27151.71,161.62,169.9,89.05
7645-G,LDCUTG25,LUJAN DE CUYO,ccgt,GRAN MZA_132kV,194.72,26792.39,159.48,185.6,81.9
1691-1,PBANHI01,P. BANDERITA,hydro,P.BAND._16kV_1,239.7,25647.33,152.66,239.7,63.69
1692-2,PBANHI02,P. BANDERITA,hydro,P.BAND._16kV_2,239.7,25647.33,152.66,239.7,63.69
8624-1,TANDTV01,TERMOANDES,ocgt,COBOS_345kV,205.0,24491.71,145.78,199.6,71.11
2610-1,ATUCNUCL,ATUCHA,nuclear,RODRGUEZ_220kV_1,334.89,24297.57,144.63,321.84,43.19
8623-2,TANDTG02,TERMOANDES,ocgt,COBOS_345kV,203.914,23159.88,137.86,192.5,67.61
8622-1,TANDTG01,TERMOANDES,ocgt,COBOS_345kV,203.914,22530.54,134.11,191.8,65.77
8637-1,BRCHTG01,C.T BRACHO,ocgt,BRACHO_15.8kV,270.415,21956.59,130.69,240.0,48.33
2629-1,BBLATV29,BAHIA BLANCA,steam,PBUENA1_20kV,296.67,20673.6,123.06,294.3,41.48
1674-1,LDLATV01,CT NEUQUEN,ccgt,L.LATA_15.8kV,172.26,19801.61,117.87,165.2,68.42
1600-6,ACAJTG06,AGUA DEL CAJON,ccgt,A.CAJON_132kV_1,129.5526,19256.78,114.62,121.61,88.48
1630-1,ROCATG01,TERMOROCA,ocgt,P.BAND._132kV,128.7,17756.13,105.69,116.8,82.12
6655-1,PILATG11,PILAR,ocgt,MALVINAS_132kV,163.9949,17470.13,103.99,156.54,63.41
1614-4,ALICHI04,ALICURA,hydro,ALICURA_13.8kV_4,262.5,17325.31,103.13,262.5,39.29
1613-3,ALICHI03,ALICURA,hydro,ALICURA_13.8kV_3,262.5,17325.31,103.13,262.5,39.29
1612-2,ALICHI02,ALICURA,hydro,ALICURA_13.8kV_2,262.5,17325.31,103.13,262.5,39.29
1611-1,ALICHI01,ALICURA,hydro,ALICURA_13.8kV_1,262.5,17325.31,103.13,262.5,39.29
106-1,FUTAHI03,FUTALEUFU,hydro,NPMADRYN_330kV,132.5,17289.12,102.91,132.5,77.67
108-1,FUTAHI04,FUTALEUFU,hydro,NPMADRYN_330kV,132.5,17289.12,102.91,132.5,77.67
8900-1,BRCHTV01,C.T BRACHO,steam,BRACHO_18kV,199.0,17256.93,102.72,190.0,51.62
1664-4,CHOCHI04,CHOCON,hydro,C.H.CHOC_16kV_4,215.0,16264.15,96.81,215.0,45.03
1665-5,CHOCHI05,CHOCON,hydro,C.H.CHOC_16kV_5,215.0,16264.15,96.81,215.0,45.03
1666-6,CHOCHI06,CHOCON,hydro,C.H.CHOC_16kV_6,215.0,16264.15,96.81,215.0,45.03
1663-3,CHOCHI03,CHOCON,hydro,C.H.CHOC_16kV_3,215.0,16264.15,96.81,215.0,45.03
1661-1,CHOCHI01,CHOCON,hydro,C.H.CHOC_16kV_1,215.0,16264.15,96.81,215.0,45.03
1662-2,CHOCHI02,CHOCON,hydro,C.H.CHOC_16kV_2,215.0,16264.15,96.81,215.0,45.03
6656-1,PILATG12,PILAR,ocgt,ALMAFUE._132kV_1,162.7209,16213.55,96.51,153.4,59.31
6657-1,PILATV10,PILAR,steam,MALVINAS_132kV,157.4816,16160.79,96.2,153.3,61.08
3608-8,BSASTG01,BUENOS AIRES,ccgt,ABASTO_220kV,186.0,15211.29,90.54,162.58,48.68
104-1,FUTAHI02,FUTALEUFU,hydro,NPMADRYN_330kV,132.5,14430.26,85.89,132.5,64.83
654-1,BICEEO01,P.E. BICENTENARIO,wind,SCN_500_132kV,102.0,13959.64,83.09,97.33,81.46
4625-1,TER6TV21,COG Terminal 6,steam,R.COROND_132kV,84.1879,13482.23,80.25,83.82,95.32
1673-3,LDLATG03,CT NEUQUEN,ocgt,L.LATA_11.5kV_3,120.783,13319.68,79.28,109.5,65.64
1672-2,LDLATG02,CT NEUQUEN,ocgt,L.LATA_11.5kV_2,121.4543,12619.99,75.12,112.5,61.85
2910-1,TEROEO01,P.E. LOS TEROS,wind,OLAVARRI_132kV_2,122.6,12603.67,75.02,113.26,61.19
680-1,PMA2EO01,P. MADRYN II ENARSA,wind,NPMADRYN_132kV,155.0,12394.31,73.78,141.96,47.6
652-1,LHEREO01,PE LOS HERCULES,wind,SCN_500_132kV,98.0,12287.19,73.14,95.66,74.63
5683-3,YACYHI13,YACYRETA,hydro,YACYRETA_13.2kV_13,132.525,11782.42,70.13,113.83,52.92
5687-7,YACYHI17,YACYRETA,hydro,YACYRETA_13.2kV_17,132.525,11782.42,70.13,113.83,52.92
5672-2,YACYHI02,YACYRETA,hydro,YACYRETA_13.2kV_2,132.525,11782.42,70.13,113.83,52.92
5686-6,YACYHI16,YACYRETA,hydro,YACYRETA_13.2kV_16,132.525,11782.42,70.13,113.83,52.92
5688-8,YACYHI18,YACYRETA,hydro,YACYRETA_13.2kV_18,132.525,11782.42,70.13,113.83,52.92
5685-5,YACYHI15,YACYRETA,hydro,YACYRETA_13.2kV_15,132.525,11782.42,70.13,113.83,52.92
5689-9,YACYHI19,YACYRETA,hydro,YACYRETA_13.2kV_19,132.525,11782.42,70.13,113.83,52.92
5690-1,YACYHI20,YACYRETA,hydro,YACYRETA_13.2kV_20,132.525,11782.42,70.13,113.83,52.92
5682-2,YACYHI12,YACYRETA,hydro,YACYRETA_13.2kV_12,132.525,11782.42,70.13,113.83,52.92
5679-9,YACYHI09,YACYRETA,hydro,YACYRETA_13.2kV_9,132.525,11782.42,70.13,113.83,52.92
5680-1,YACYHI10,YACYRETA,hydro,YACYRETA_13.2kV_10,132.525,11782.42,70.13,113.83,52.92
5673-3,YACYHI03,YACYRETA,hydro,YACYRETA_13.2kV_3,132.525,11782.42,70.13,113.83,52.92
5674-4,YACYHI04,YACYRETA,hydro,YACYRETA_13.2kV_4,132.525,11782.42,70.13,113.83,52.92
5681-1,YACYHI11,YACYRETA,hydro,YACYRETA_13.2kV_11,132.525,11782.42,70.13,113.83,52.92
5676-6,YACYHI06,YACYRETA,hydro,YACYRETA_13.2kV_6,132.525,11782.42,70.13,113.83,52.92
5675-5,YACYHI05,YACYRETA,hydro,YACYRETA_13.2kV_5,132.525,11782.42,70.13,113.83,52.92
5678-8,YACYHI08,YACYRETA,hydro,YACYRETA_13.2kV_8,132.525,11782.42,70.13,113.83,52.92
5684-4,YACYHI14,YACYRETA,hydro,YACYRETA_13.2kV_14,132.525,11782.42,70.13,113.83,52.92
5677-7,YACYHI07,YACYRETA,hydro,YACYRETA_13.2kV_7,132.525,11782.42,70.13,113.83,52.92
5671-1,YACYHI01,YACYRETA,hydro,YACYRETA_13.2kV_1,132.525,11782.42,70.13,113.83,52.92
1671-1,LDLATG01,CT NEUQUEN,ocgt,L.LATA_11.5kV_1,118.3674,11365.1,67.65,106.9,57.15
8611-1,TUCUTG01,C.T. TUCUMAN,ccgt,BRACHO_132kV_1,143.21,11184.89,66.58,130.1,46.49
8612-2,TUCUTG02,C.T. TUCUMAN,ccgt,BRACHO_132kV_1,143.21,10949.83,65.18,130.1,45.51
604-1,LEONEO01,PE CAÑADON LEON,wind,SCN_500_132kV,103.0,10738.24,63.92,100.7,62.06
3688-1,LPLCTG01,CG La Plata YPF,ocgt,ABASTO_220kV,82.5383,10574.24,62.94,81.0,76.26
2913-1,BVENEO01,P.E. DE LA BUENA VENTURA,wind,OLAVARRI_132kV_2,103.2,10118.65,60.23,101.09,58.36
8613-3,TUCUTV01,C.T. TUCUMAN,ccgt,BRACHO_132kV_1,140.128,10091.68,60.07,122.73,42.87
8615-3,SMTUTV01,S.M. DE TUCUMAN,ccgt,BRACHO_15.7kV_2,136.9,9929.5,59.1,126.6,43.17
6627-1,SLUNEO01,P.E. SAN LUIS NORTE,wind,LUJAN.SL_132kV_1,107.2593,9626.72,57.3,102.25,53.42
4613-7,SGDEHI13,S. GRANDE ARG,hydro,SGAC4500_13.8kV_1,64.3571,9172.16,54.6,64.36,84.83
4602-2,SGDEHI02,S. GRANDE ARG,hydro,SGAC1500_13.8kV_2,64.3571,9172.16,54.6,64.36,84.83
4605-5,SGDEHI05,S. GRANDE ARG,hydro,SGAC3500_13.8kV_1,64.3571,9172.16,54.6,64.36,84.83
4606-6,SGDEHI06,S. GRANDE ARG,hydro,SGAC3500_13.8kV_2,64.3571,9172.16,54.6,64.36,84.83
4604-4,SGDEHI04,S. GRANDE ARG,hydro,SGAC2500_13.8kV_2,64.3571,9172.16,54.6,64.36,84.83
4603-3,SGDEHI03,S. GRANDE ARG,hydro,SGAC2500_13.8kV_1,64.3571,9172.16,54.6,64.36,84.83
4601-1,SGDEHI01,S. GRANDE ARG,hydro,SGAC1500_13.8kV_1,64.3571,9172.16,54.6,64.36,84.83
2662-1,MIRAEO01,P.E. MIRAMAR,wind,OLAVARRI_132kV_2,98.6,9032.78,53.77,97.2,54.53
1629-1,NEU1EO01,P.E. VIENTOS NEUQUINOS I,wind,CHOCON_132kV,100.0,8966.78,53.37,88.24,53.37
1607-1,ROCATV01,TERMOROCA,steam,P.BAND._132kV,55.539,8955.87,53.31,55.4,95.98
8600-1,SMTUTG01,S.M. DE TUCUMAN,ccgt,BRACHO_15.7kV_1,108.36,8430.29,50.18,105.0,46.31
2911-1,GNV1EO01,P.E. LA GENOVEVA,wind,B.BLANCA_132kV_1,88.2,8378.85,49.87,86.61,56.55
1681-1,PPLEHI01,PICHI P. LEUFU,hydro,PPLEUFU_13.8kV_1,95.0,8259.64,49.16,90.0,51.75
1683-3,PPLEHI03,PICHI P. LEUFU,hydro,PPLEUFU_13.8kV_3,95.0,8259.64,49.16,90.0,51.75
1682-2,PPLEHI02,PICHI P. LEUFU,hydro,PPLEUFU_13.8kV_2,95.0,8259.64,49.16,90.0,51.75
3620-1,ENSETG01,CO. ENSENADA,ocgt,ABASTO_220kV,62.6066,8218.28,48.92,54.58,78.14
2650-1,BRKETV01,BARKER UGENERGY,steam,OLAVARRI_132kV_2,59.25,8165.87,48.61,59.25,82.04
2675-5,SNICTV15,SAN NICOLAS,steam,RAMALLO_220kV,263.6,7737.55,46.06,219.46,17.47
6637-7,MMARTG07,MARANZANA,ocgt,ALMAFUE._132kV_1,46.98,7521.52,44.77,46.0,95.3
6636-6,MMARTG06,MARANZANA,ocgt,ALMAFUE._132kV_1,47.1,7370.05,43.87,45.7,93.14
1605-5,ACAJTG05,AGUA DEL CAJON,ccgt,A.CAJON_132kV_1,50.7585,7256.81,43.2,45.2,85.1
2660-1,CORTEO01,P.E. MARIO CEBREIRO,wind,B.BLANCA_132kV_2,100.5,7171.21,42.69,94.8,42.47
3650-1,EZEITG01,CT EZEIZA,ocgt,EZEIZA_220kV_1,50.592,7168.37,42.67,50.0,84.34
3682-3,EZEITG03,CT EZEIZA,ocgt,EZEIZA_220kV_1,50.6,7135.29,42.47,48.3,83.94
3605-5,BSASTV01,BUENOS AIRES,ccgt,ABASTO_220kV,82.958,7121.43,42.39,72.97,51.1
2915-1,SJMTEO01,P.E. SAN JORGE y EL MATACO,wind,B.BLANCA_132kV_2,102.9,7073.91,42.11,71.27,40.92
1604-4,ACAJTG04,AGUA DEL CAJON,ccgt,A.CAJON_132kV_1,49.1535,6968.8,41.48,45.18,84.39
1603-3,ACAJTG03,AGUA DEL CAJON,ccgt,A.CAJON_132kV_1,48.3236,6967.91,41.48,45.2,85.83
3666-6,NPUETV06,NUEVO PUERTO,steam,RODRGUEZ_220kV_2,233.2,6931.05,41.26,223.0,17.69
7605-27,LDCUTG27,LUJAN DE CUYO,ocgt,GRAN MZA_132kV,48.402,6909.89,41.13,48.07,84.98
3680-2,EZEITG02,CT EZEIZA,ocgt,EZEIZA_220kV_1,50.5838,6835.82,40.69,47.4,80.44
1658-1,POM1EO01,P.E. POMONA I,wind,CH.CHOEL_132kV,104.0,6776.45,40.34,90.21,38.78
7604-26,LDCUTG26,LUJAN DE CUYO,ocgt,GRAN MZA_132kV,48.384,6734.96,40.09,46.9,82.86
1602-2,ACAJTG02,AGUA DEL CAJON,ccgt,A.CAJON_132kV_2,48.1576,6717.89,39.99,44.47,83.03
2621-1,BRKETG01,BARKER UGENERGY,ocgt,OLAVARRI_132kV_2,48.77,6679.25,39.76,47.33,81.52
2622-2,BRKETG02,BARKER UGENERGY,ocgt,OLAVARRI_132kV_2,49.12,6675.7,39.74,47.33,80.9
2648-1,LCASEO01,P.E. LA CASTELLANA,wind,B.BLANCA_132kV_1,100.8,6661.49,39.65,84.02,39.34
2655-2,PEDRTG02,SAN PEDRO BSAS,ocgt,RAMALLO_132kV,51.75,6551.83,39.0,49.2,75.36
2678-1,ENE1EO01,P.E. ENERGETICA I,wind,B.BLANCA_132kV_1,78.0,6545.37,38.96,71.09,49.95
2624-3,BRKETG03,BARKER UGENERGY,ocgt,OLAVARRI_132kV_2,47.68,6472.66,38.53,47.33,80.8
1601-1,ACAJTG01,AGUA DEL CAJON,ccgt,CHOCONOE_132kV,45.21,6451.49,38.4,41.7,84.94
7602-2,ADTOHI02,AGUA DEL TORO,hydro,GRAN MZA_220kV,75.0,6251.19,37.21,75.0,49.61
2645-1,PEDRTG01,SAN PEDRO BSAS,ocgt,RAMALLO_132kV,50.9004,6102.0,36.32,47.0,71.36
679-1,PMA1EO01,P. MADRYN I ENARSA,wind,NPMADRYN_132kV,75.0,6069.15,36.13,68.37,48.17
692-2,MANAEO02,MANANTIALES BEHR (YPF),wind,SCN_500_132kV,51.75,6043.46,35.97,48.41,69.51
691-1,MANAEO01,MANANTIALES BEHR (YPF),wind,SCN_500_132kV,51.75,6043.46,35.97,48.41,69.51
3674-4,EZEITG04,CT EZEIZA,ocgt,EZEIZA_220kV_1,52.97,6003.18,35.73,49.5,67.46
3679-9,PNUETV09,PUERTO NUEVO,steam,RODRGUEZ_220kV_2,237.2,6000.54,35.72,169.93,15.06
2667-5,ROJOTV01,G ROJO R.ENERGY,steam,RAMALLO_132kV,56.6,5918.86,35.23,56.6,62.25
686-2,LOM2EO01,L. BLANCA 2 ENARSA,wind,NPMADRYN_132kV,52.0,5845.01,34.79,50.57,66.91
6673-3,RGDEHB03,RIO GRANDE,pumped_hydro,R.GRANDE_16.5kV_3,94.0,5808.41,34.57,94.0,36.78
6672-2,RGDEHB02,RIO GRANDE,pumped_hydro,R.GRANDE_16.5kV_2,94.0,5808.41,34.57,94.0,36.78
6671-1,RGDEHB01,RIO GRANDE,pumped_hydro,R.GRANDE_16.5kV_1,94.0,5808.41,34.57,94.0,36.78
6674-4,RGDEHB04,RIO GRANDE,pumped_hydro,R.GRANDE_16.5kV_4,94.0,5808.41,34.57,94.0,36.78
8654-1,GUEMTG01,GUEMES,ocgt,JUANCITO_132kV,98.5,5786.53,34.44,89.6,34.97
685-3,LOM3EO01,L. BLANCA 3 ENARSA,wind,NPMADRYN_132kV,51.2,5763.1,34.3,50.62,67.0
5588-1,GARRTV01,C.T. GARRUCHOS,biomass,RINCON_132kV,40.0,5693.95,33.89,35.46,84.73
2637-4,BRKETG04,BARKER UGENERGY,ocgt,OLAVARRI_132kV_2,50.0,5661.59,33.7,48.3,67.4
1632-2,ARROHI02,ARROYITO,hydro,CHOCON_132kV,42.6,5632.53,33.53,38.77,78.7
1631-1,ARROHI01,ARROYITO,hydro,CHOCON_132kV,42.6,5632.53,33.53,38.77,78.7
1633-3,ARROHI03,ARROYITO,hydro,CHOCON_132kV,42.6,5632.53,33.53,38.77,78.7
688-2,LOM6EO01,P.E. L. BLANCA 6,wind,NPMADRYN_132kV,51.5,5589.4,33.27,50.61,64.6
605-1,LOM6EO01,P.E. L. BLANCA 6,wind,NPMADRYN_132kV,51.5,5589.4,33.27,50.61,64.6
684-1,LOM1EO01,L. BLANCA 1 ENARSA,wind,NPMADRYN_132kV,52.0,5580.41,33.22,50.51,63.88
1677-5,LDLATG05,CT NEUQUEN,ocgt,L.LATA_11.5kV_5,105.0,5383.75,32.05,101.2,30.52
7630-1,ZONDFV01,P.S. ZONDA I,solar,NVA.SJUAN_132kV,101.0,5341.43,31.79,97.96,31.48
2684-1,PEP3EO,P.E. PAMPA ENERGÍA III,wind,B.BLANCA_132kV_2,54.0,5266.12,31.35,53.06,58.05
102-1,FUTAHI01,FUTALEUFU,hydro,NPMADRYN_330kV,132.5,5163.68,30.74,81.08,23.2
2619-3,ROJOTG03,G ROJO R.ENERGY,ocgt,RAMALLO_132kV,50.0,5097.56,30.34,46.0,60.69
2618-2,ROJOTG02,G ROJO R.ENERGY,ocgt,RAMALLO_132kV,50.0,5085.72,30.27,44.4,60.54
6616-1,VMA2TV01,V.MARIA UENSA,steam,A.CABRAL_132kV,55.6,5073.87,30.2,55.6,54.32
2600-1,ROJOTG01,G ROJO R.ENERGY,ocgt,RAMALLO_132kV,50.0,4990.63,29.71,44.8,59.41
602-1,MAL1EO01,MALASPINA1 ENARSA,wind,SCN_500_132kV,51.0,4947.62,29.45,49.85,57.75
7668-4,CACHHI04,C.H.CACHEUTA,hydro,GRAN MZA_132kV,30.0,4786.45,28.49,28.87,94.97
7665-1,CACHHI01,C.H.CACHEUTA,hydro,GRAN MZA_132kV,30.0,4786.45,28.49,28.87,94.97
7666-2,CACHHI02,C.H.CACHEUTA,hydro,GRAN MZA_132kV,30.0,4786.45,28.49,28.87,94.97
7667-3,CACHHI03,C.H.CACHEUTA,hydro,GRAN MZA_132kV,30.0,4786.45,28.49,28.87,94.97
7633-1,IGLEFV01,P.S. IGLESIA GUAÑIZUL,solar,NVA.SJUAN_132kV,81.0,4706.61,28.02,79.26,34.59
2914-1,SJMTEO01,P.E. SAN JORGE y EL MATACO,wind,B.BLANCA_132kV_2,102.9,4642.39,27.63,71.2,26.85
8638-1,CAU1FV01,P.S. CAUCHARI 1,solar,COBOS_345kV,105.0,4641.99,27.63,100.0,26.32
8640-3,CAU3FV01,P.S. CAUCHARI 3,solar,COBOS_345kV,105.0,4640.74,27.62,97.93,26.31
2903-1,VIVOEO01,P.E. VIVORATA,wind,VIVORATA_132kV,50.0,4606.95,27.42,48.42,54.84
8627-1,ALT1FV,P.S. ALTIPLANO I,solar,COBOS_345kV,100.0,4600.43,27.38,98.34,27.38
8626-1,LPUNFV,P.S. La Puna,solar,COBOS_345kV,104.0,4586.83,27.3,104.0,26.25
6646-3,VMA2TG03,V.MARIA UENSA,ocgt,A.CABRAL_132kV,49.46,4578.78,27.25,47.8,55.1
8639-2,CAU2FV01,P.S. CAUCHARI 2,solar,COBOS_345kV,105.0,4574.21,27.23,97.25,25.93
6639-1,VMA2TG01,V.MARIA UENSA,ocgt,A.CABRAL_132kV,50.0,4570.83,27.21,47.2,54.41
6645-2,VMA2TG02,V.MARIA UENSA,ocgt,A.CABRAL_132kV,49.9,4495.6,26.76,46.5,53.63
7902-1,GZ2AFV01,P.S. GUAÑIZUL II A,solar,NVA.SJUAN_132kV,108.0,4412.51,26.26,101.85,24.32
7629-1,SULLFV01,P.S. SIERRAS DEL ULLUM (MATER),solar,NVA.SJUAN_132kV,78.0,4335.3,25.81,71.88,33.08
2905-1,BAHIEO01,P.E. PAMPA ENERGÍA III,wind,B.BLANCA_132kV_2,53.2,4327.86,25.76,40.38,48.42
2689-1,VLONEO01,VILLALONGA EOLICO,wind,B.BLANCA_132kV_1,55.2,4304.04,25.62,44.67,46.41
8655-1,CAFAFV,P.S. Cafayate,solar,COBOS_345kV,83.0,4134.72,24.61,82.02,29.65
8677-2,CAFAFV,P.S. Cafayate,solar,COBOS_345kV,83.0,4134.72,24.61,82.02,29.65
8645-1,AR21EO01,P.E. ARAUCO II (ETAPA 1 Y 2),wind,RIOJASUR_132kV,113.0,4002.74,23.83,84.03,21.08
6670-1,ACHIEO01,P.E. ACHIRAS (Renovar),wind,LUJAN.SL_132kV_1,94.0,3967.75,23.62,38.09,25.13
2632-1,LUJBTG01,CT LUJAN BSAS,ocgt,RODRGUEZ_132kV_5,64.0,3932.4,23.41,59.7,36.57
8614-2,SMTUTG02,S.M. DE TUCUMAN,ccgt,BRACHO_15.7kV_1,115.5,3876.44,23.07,49.96,19.98
2680-1,VGESTG18,VILLA GESELL,ocgt,VIVORATA_132kV,80.0,3837.88,22.84,76.9,28.56
7677-1,CONDHI01,C.H. A.CONDARCO,hydro,GRAN MZA_132kV,25.0923,3802.68,22.63,22.93,90.21
2643-1,SAL2TG01,SALTOII SOENERG,ocgt,25MAYO_1_132kV,60.0,3766.35,22.42,60.0,37.36
682-1,CHN4EO01,P.E. CHUBUT NORTE IV,wind,NPMADRYN_132kV,44.7368,3748.4,22.31,41.45,49.87
2908-1,GNV2EO01,P.E. VIENTOS LA GENOVEVA II (MATER),wind,B.BLANCA_132kV_1,41.8,3737.09,22.24,40.75,53.22
7601-1,ADTOHI01,AGUA DEL TORO,hydro,GRAN MZA_220kV,75.0,3732.5,22.22,35.29,29.62
2687-4,VGESTG18,VILLA GESELL,ocgt,VIVORATA_132kV,80.0,3669.84,21.84,76.9,27.31
675-1,RAW1EO,RAWSON I  ENARSA,wind,NPMADRYN_330kV,53.0,3656.6,21.77,49.6,41.07
2685-1,MAT3EO,P.E. MATACO III,wind,B.BLANCA_132kV_2,36.0,3624.26,21.57,34.34,59.92
2633-2,LUJBTG02,CT LUJAN BSAS,ocgt,RODRGUEZ_132kV_5,58.0,3501.32,20.84,57.1,35.93
1675-4,LDLATG04,CT NEUQUEN,ocgt,L.LATA_11.5kV_4,101.2512,3498.63,20.83,100.4,20.57
6615-4,VMA2TG04,V.MARIA UENSA,ocgt,A.CABRAL_132kV,49.5,3468.38,20.65,44.5,41.71
2681-1,PAMEEO01,P.E. PAMPA ENERGÍA (MATER),wind,B.BLANCA_132kV_2,53.2,3463.51,20.62,37.04,38.75
7683-1,NIH4HI01,NIHUIL 4,hydro,GRAN MZA_220kV,23.7579,3440.57,20.48,23.76,86.2
601-3,CHN3EO01,P.E. CHUBUT NORTE III,wind,NPMADRYN_330kV,58.0,3425.01,20.39,52.37,35.15
1642-2,CPIEHI02,CASA DE PIEDRA,hydro,P.BAND._132kV,28.5,3416.53,20.34,25.16,71.36
1641-1,CPIEHI01,CASA DE PIEDRA,hydro,P.BAND._132kV,28.5,3416.53,20.34,25.16,71.36
7682-2,NIH3HI02,NIHUIL 3,hydro,GRAN MZA_220kV,20.5,3415.54,20.33,20.5,99.17
7681-1,NIH3HI01,NIHUIL 3,hydro,GRAN MZA_220kV,20.5,3415.54,20.33,20.5,99.17
608-4,CHN4EO01,P.E. CHUBUT NORTE IV,wind,NPMADRYN_132kV,40.2632,3373.56,20.08,37.31,49.87
1624-1,BANDEO,P.E. LA BANDERITA,wind,PUELCHE1_132kV,40.0,3128.01,18.62,39.12,46.55
8644-1,FRIATG01,FRIAS,ocgt,RECREO_132kV,58.98,3111.65,18.52,56.2,31.4
3611-1,COSTTV10,COSTANERA,ccgt,RODRGUEZ_220kV_2,290.4,3069.1,18.27,244.5,6.29
2691-1,NEC1EO01,P.E. NECOCHEA I,wind,OLAVARRI_132kV_2,37.25,3055.79,18.19,33.77,48.83
658-1,BIC2EO01,P.E. DEL BICENTENARIO II (MATER),wind,SCN_500_132kV,26.0,3053.02,18.17,21.95,69.9
7662-2,NIH1HI02,NIHUIL 1,hydro,GRAN MZA_220kV,18.0,3013.55,17.94,18.0,99.65
7664-4,NIH1HI04,NIHUIL 1,hydro,GRAN MZA_220kV,18.0,3013.55,17.94,18.0,99.65
7663-3,NIH1HI03,NIHUIL 1,hydro,GRAN MZA_220kV,18.0,3013.55,17.94,18.0,99.65
7661-1,NIH1HI01,NIHUIL 1,hydro,GRAN MZA_220kV,18.0,3013.55,17.94,18.0,99.65
252-2,AMEGHI02,F. AMEGHINO,hydro,NPMADRYN_330kV,17.9,3007.2,17.9,17.9,100.0
251-1,AMEGHI01,F. AMEGHINO,hydro,NPMADRYN_330kV,17.9,3007.2,17.9,17.9,100.0
2647-2,ZARATG02,C.T ZARATE,ocgt,RODRGUEZ_220kV_1,49.3,2816.44,16.76,47.0,34.01
2646-1,ZARATG01,C.T ZARATE,ocgt,RODRGUEZ_220kV_1,51.3,2799.7,16.66,47.3,32.49
1694-1,PHUITG01,PLAZA HUINCUL,ocgt,CHOCON_132kV,31.673,2753.83,16.39,27.17,51.75
6638-1,SERTTG01,RSO TERC SOENER,ocgt,ALMAFUE._132kV_2,60.0,2679.87,15.95,60.0,26.59
664-1,KOSTEO01,P.E. Kosten,wind,SCN_500_132kV,24.0,2649.06,15.77,23.62,65.7
7672-2,NIH2HI02,NIHUIL 2,hydro,GRAN MZA_220kV,18.3333,2555.37,15.21,15.32,82.97
7675-5,NIH2HI05,NIHUIL 2,hydro,GRAN MZA_220kV,18.3333,2555.37,15.21,15.32,82.97
7674-4,NIH2HI04,NIHUIL 2,hydro,GRAN MZA_220kV,18.3333,2555.37,15.21,15.32,82.97
7673-3,NIH2HI03,NIHUIL 2,hydro,GRAN MZA_220kV,18.3333,2555.37,15.21,15.32,82.97
7671-1,NIH2HI01,NIHUIL 2,hydro,GRAN MZA_220kV,18.3333,2555.37,15.21,15.32,82.97
7676-6,NIH2HI06,NIHUIL 2,hydro,GRAN MZA_220kV,18.3333,2555.37,15.21,15.32,82.97
650-1,GARAEO01,P.E. GARAYALDE,wind,SCN_500_132kV,25.0,2550.31,15.18,23.68,60.72
651-1,CHNOEO01,PE Chubut Norte,wind,NPMADRYN_330kV,29.0,2537.37,15.1,28.33,52.08
8603-2,PPNOTG02,PLUSPETROL NORT,ocgt,BRACHO_34.5kV_3,115.557,2533.82,15.08,109.1,13.05
8653-3,GUEMTV13,GUEMES,steam,JUANCITO_132kV,126.495,2513.82,14.96,114.86,11.83
8602-1,PPNOTG01,PLUSPETROL NORT,ocgt,BRACHO_34.5kV_3,112.8,2296.28,13.67,110.5,12.12
492-2,PATATG02,C.T. PATAGONIA,ccgt,SCN_500_132kV,37.6,2292.6,13.65,33.33,36.29
7622-2,ULLUHI02,ULLUM,hydro,NVA.SJUAN_132kV,24.0,2246.95,13.37,21.66,55.73
7621-1,ULLUHI01,ULLUM,hydro,NVA.SJUAN_132kV,24.0,2246.95,13.37,21.66,55.73
1695-1,ALOMDI01,AG. LOMITAS,diesel,P.BAND._132kV,13.6403,2245.05,13.36,13.64,97.97
7679-3,CONDHI03,C.H. A.CONDARCO,hydro,GRAN MZA_132kV,14.6539,2220.76,13.22,13.39,90.21
7678-2,CONDHI02,C.H. A.CONDARCO,hydro,GRAN MZA_132kV,14.6539,2220.76,13.22,13.39,90.21
676-3,RAW3EO01,RAWSON 3 EOLICO,wind,NPMADRYN_330kV,31.0,2146.4,12.78,24.45,41.21
7680-1,QULLHI01,QUEBRADA ULLUM,hydro,NVA.SJUAN_132kV,48.0,2013.21,11.98,12.35,24.97
3677-7,PNUETV07,PUERTO NUEVO,steam,ABASTO_220kV,114.7145,1974.16,11.75,113.2,10.24
6635-5,MMARTG05,MARANZANA,ocgt,ALMAFUE._132kV_1,50.5,1963.6,11.69,41.17,23.14
2902-2,VSECEO01,P.E. Vientos del Secano,wind,B.BLANCA_132kV_1,25.0,1953.43,11.63,23.52,46.51
2690-1,VSECEO01,P.E. Vientos del Secano,wind,B.BLANCA_132kV_1,25.0,1953.43,11.63,23.52,46.51
2666-4,ROJOTG04,G ROJO R.ENERGY,ocgt,RAMALLO_132kV,50.0,1941.09,11.55,36.77,23.11
7637-1,TOC3FV,P.S. TOCOTA III (MATER),solar,NVA.SJUAN_132kV,60.0,1914.81,11.4,54.1,19.0
7625-1,PNEGHI01,PUNTA NEGRA,hydro,NVA.SJUAN_132kV,31.64,1897.97,11.3,18.7,35.71
7626-2,PNEGHI02,PUNTA NEGRA,hydro,NVA.SJUAN_132kV,31.64,1897.97,11.3,18.7,35.71
5604-1,BSROTV01,BM Santa Rosa,biomass,P.PATRIA_132kV,15.0,1883.63,11.21,13.98,74.75
2656-1,PE32EO,P.E. PAMPA ENERGÍA III - AMPLIACIÓN 2,wind,B.BLANCA_132kV_2,27.0,1815.34,10.81,17.73,40.02
8628-1,LOMAFV01,P.S. LAS LOMAS,solar,RIOJASUR_132kV,34.0,1802.22,10.73,30.77,31.55
7614-1,ULL3FV01,P.S. Ullum 3,solar,NVA.SJUAN_132kV,32.8,1788.39,10.65,30.37,32.45
8649-2,AR22EO01,P.E. ARAUCO II (ETAPAS 3 Y 4),wind,RIOJASUR_132kV,33.9117,1785.07,10.63,27.39,31.33
8676-1,NONOFV01,P.S. Nonogasta,solar,RIOJASUR_132kV,35.0,1738.33,10.35,31.06,29.56
491-1,PATATG01,C.T. PATAGONIA,ccgt,SCN_500_132kV,38.01,1679.74,10.0,35.8,26.3
8688-2,INDETG02,INDEPENDENCIA,ocgt,BRACHO_132kV_3,54.3,1613.89,9.61,48.0,17.69
2628-23,MDPATG23,MAR DEL PLATA,ocgt,VIVORATA_132kV,46.0,1607.48,9.57,46.0,20.8
2631-24,MDPATG24,MAR DEL PLATA,ocgt,VIVORATA_132kV,47.37,1604.81,9.55,45.76,20.17
8668-3,ARAUEO,P.E. ARAUCO,wind,RIOJASUR_132kV,26.0,1556.54,9.27,23.31,35.64
8670-4,ARAUEO,P.E. ARAUCO,wind,RIOJASUR_132kV,26.0,1556.54,9.27,23.31,35.64
8656-2,ARAUEO,P.E. ARAUCO,wind,RIOJASUR_132kV,26.0,1556.54,9.27,23.31,35.64
8658-1,ARAUEO,P.E. ARAUCO,wind,RIOJASUR_132kV,26.0,1556.54,9.27,23.31,35.64
7612-1,ULN1FV01,P.S. Ullum N1,solar,NVA.SJUAN_132kV,25.6,1425.78,8.49,24.52,33.15
3660-1,SMIGDI01,S.MIGUEL N ENAR,biogas,RODRGUEZ_220kV_2,10.027,1416.41,8.43,9.58,84.08
3673-1,SMIGDI01,S.MIGUEL N ENAR,biogas,RODRGUEZ_220kV_2,10.027,1416.41,8.43,9.58,84.08
7613-1,ULN2FV01,P.S. Ullum N2,solar,NVA.SJUAN_132kV,25.6,1407.36,8.38,24.21,32.72
493-1,PATATV01,C.T. PATAGONIA,ccgt,SCN_500_132kV,40.0,1406.85,8.37,40.0,20.94
6675-1,CUMBFV01,P.S. La Cumbre,solar,LUJAN.SL_132kV_2,25.0,1397.11,8.32,24.16,33.26
8678-1,SAUJFV01,P.S. Saujil,solar,BRACHO_132kV_3,22.5,1329.82,7.92,22.32,35.18
7616-2,CARRHI02,CH CARRIZAL,hydro,GRAN MZA_132kV,8.5,1323.88,7.88,8.5,92.71
7615-1,CARRHI01,CH CARRIZAL,hydro,GRAN MZA_132kV,8.5,1323.88,7.88,8.5,92.71
476-1,HUEMDI01,HUEMUL SINOPEC,diesel,SCN_500_132kV,11.497,1285.37,7.65,11.5,66.55
2635-1,SOLATG01,SOLALBAN,ccgt,B.BLANCA_132kV_2,47.443,1274.21,7.58,44.98,15.99
1622-2,AVALTG22,ALTO VALLE,ccgt,P.BAND._132kV,24.746,1230.14,7.32,23.42,29.59
3665-5,NPUETV05,NUEVO PUERTO,steam,RODRGUEZ_220kV_2,103.6,1208.04,7.19,102.6,6.94
6609-1,CALEFV,P.S. C.A. LA CALERA S.L.,solar,LUJAN.SL_132kV_1,18.9449,1114.67,6.63,17.82,35.02
2699-1,CERITV01,ECOENERG CERRI,steam,B.BLANCA_132kV_1,9.154,1085.11,6.46,9.15,70.56
7653-3,LDCUTV15,LUJAN DE CUYO,ccgt,GRAN MZA_132kV,90.59,1061.85,6.32,88.47,6.98
2688-1,GRIOEO01,P.E. GARCIA DEL RIO,wind,B.BLANCA_132kV_1,10.0,1034.4,6.16,9.92,61.57
6652-1,PMORHI,PIEDRAS MORAS,hydro,ALMAFUE._132kV_1,6.6,1020.75,6.08,6.2,92.06
1638-1,SANDHI,SALTO ANDERSEN,hydro,PUELCHE1_132kV,7.9,1014.38,6.04,6.64,76.43
1638-2,SANDHI,SALTO ANDERSEN,hydro,PUELCHE1_132kV,7.9,1014.38,6.04,6.64,76.43
3681-2,PILBDI02,PILAR BSAS,diesel,RODRGUEZ_220kV_2,16.73,1011.85,6.02,16.73,36.0
3687-6,PILBDI06,PILAR BSAS,diesel,RODRGUEZ_220kV_2,16.73,994.24,5.92,16.73,35.37
3687-5,PILBDI05,PILAR BSAS,diesel,RODRGUEZ_220kV_2,16.73,975.73,5.81,16.73,34.72
609-2,CHN2EO01,P.E. CHUBUT NORTE II,wind,NPMADRYN_330kV,27.0,972.65,5.79,24.29,21.44
3602-2,COSTTV02,COSTANERA,steam,EZEIZA_220kV_1,84.7,971.2,5.78,82.8,6.83
2613-3,NECOTV03,NECOCHEA,steam,VIVORATA_132kV,61.62,932.49,5.55,56.0,9.01
3681-3,PILBDI03,PILAR BSAS,diesel,RODRGUEZ_220kV_2,16.73,932.17,5.55,16.73,33.17
3681-1,PILBDI01,PILAR BSAS,diesel,RODRGUEZ_220kV_2,16.73,926.61,5.52,16.73,32.97
2644-1,BBLMDI01,MOTOR. B.BLANCA,diesel,B.BLANCA_132kV_1,16.67,917.59,5.46,16.67,32.76
3687-4,PILBDI04,PILAR BSAS,diesel,RODRGUEZ_220kV_2,16.73,909.82,5.42,16.73,32.37
8608-1,CAIMDI01,CAIMANCITO,diesel,JUANCITO_132kV,18.2,873.52,5.2,18.2,28.57
8608-2,CAIMDI02,CAIMANCITO,diesel,JUANCITO_132kV,18.2,869.46,5.18,18.2,28.44
8632-2,CCORHI02,CABRA CORRAL,hydro,COBOS_345kV,32.0,853.33,5.08,30.0,15.87
8631-1,CCORHI01,CABRA CORRAL,hydro,COBOS_345kV,32.0,853.33,5.08,30.0,15.87
8633-3,CCORHI03,CABRA CORRAL,hydro,COBOS_345kV,32.0,853.33,5.08,30.0,15.87
8608-3,CAIMDI03,CAIMANCITO,diesel,JUANCITO_132kV,18.2,851.63,5.07,18.2,27.85
8641-1,ESCAHI01,ESCABA,hydro,BRACHO_132kV_3,5.6667,847.88,5.05,5.67,89.06
8642-2,ESCAHI02,ESCABA,hydro,BRACHO_132kV_3,5.6667,847.88,5.05,5.67,89.06
8643-3,ESCAHI03,ESCABA,hydro,BRACHO_132kV_3,5.6667,847.88,5.05,5.67,89.06
8680-1,RHONHI12,RIO HONDO,hydro,SANTIAGO_132kV,8.55,845.31,5.03,6.94,58.85
8680-2,RHONHI12,RIO HONDO,hydro,SANTIAGO_132kV,8.55,845.31,5.03,6.94,58.85
8616-3,INDETG03,INDEPENDENCIA,ocgt,BRACHO_132kV_3,48.0,841.6,5.01,47.2,10.44
8610-5,CAIMDI05,CAIMANCITO,diesel,JUANCITO_132kV,18.2,837.2,4.98,18.2,27.38
8610-4,CAIMDI04,CAIMANCITO,diesel,JUANCITO_132kV,18.2,837.1,4.98,18.2,27.38
2644-2,BBLMDI02,MOTOR. B.BLANCA,diesel,B.BLANCA_132kV_1,16.67,829.93,4.94,16.67,29.63
8901-1,LLANFV01,Parque de los Llanos (MATER),solar,RIOJASUR_132kV,20.0,826.09,4.92,13.8,24.59
8675-1,TINOFV,P.S. Tinogasta,solar,BRACHO_132kV_3,15.0,795.0,4.73,14.41,31.55
2644-3,BBLMDI03,MOTOR. B.BLANCA,diesel,B.BLANCA_132kV_1,16.67,794.29,4.73,15.5,28.36
8620-4,INDETG04,INDEPENDENCIA,ocgt,BRACHO_132kV_3,49.0,793.78,4.72,48.0,9.64
7619-1,ULL4FV01,P.S. Ullum 4,solar,NVA.SJUAN_132kV,13.5,788.74,4.69,12.91,34.78
3607-7,COSTTV07,COSTANERA,steam,ABASTO_220kV,222.5,788.5,4.69,133.4,2.11
2651-4,BBLMDI04,MOTOR. B.BLANCA,diesel,B.BLANCA_132kV_1,16.67,781.23,4.65,16.67,27.9
8625-24,LRIOTG24,LA RIOJA,ocgt,RIOJASUR_132kV,46.89,764.41,4.55,43.5,9.7
4614-1,CGOMDI01,CATADA DE GOMEZ,diesel,S.TOME_132kV_2,16.5,762.75,4.54,16.3,27.52
3603-3,COSTTV03,COSTANERA,steam,EZEIZA_220kV_1,81.184,757.27,4.51,72.2,5.55
8687-1,INDETG01,INDEPENDENCIA,ocgt,BRACHO_132kV_3,25.1,744.06,4.43,23.9,17.65
4616-3,CGOMDI03,CATADA DE GOMEZ,diesel,S.TOME_132kV_2,16.5,738.79,4.4,16.3,26.65
4614-2,CGOMDI02,CATADA DE GOMEZ,diesel,S.TOME_132kV_2,16.3,730.07,4.35,16.3,26.66
4616-4,CGOMDI04,CATADA DE GOMEZ,diesel,S.TOME_132kV_2,16.5,714.14,4.25,16.32,25.76
2651-6,BBLMDI06,MOTOR. B.BLANCA,diesel,B.BLANCA_132kV_1,16.67,687.54,4.09,16.67,24.55
2651-5,BBLMDI05,MOTOR. B.BLANCA,diesel,B.BLANCA_132kV_1,16.67,683.42,4.07,16.67,24.4
6619-1,CUM3FV,P.S. LA CUMBRE III,solar,LUJAN.SL_132kV_2,12.0,651.83,3.88,11.08,32.33
453-1,DIADEO01,DIADEMA EOLICO,wind,SCN_500_132kV,6.3,643.22,3.83,6.05,60.77
8681-1,PVIEHI01,PUEBLO VIEJO,hydro,BRACHO_132kV_3,7.5,628.75,3.74,5.05,49.9
8682-2,PVIEHI02,PUEBLO VIEJO,hydro,BRACHO_132kV_3,7.5,628.75,3.74,5.05,49.9
6603-3,CASSHI03,CASSAFOUSTH,hydro,ALMAFUE._132kV_1,5.4,599.92,3.57,3.74,66.13
6601-1,CASSHI01,CASSAFOUSTH,hydro,ALMAFUE._132kV_1,5.4,599.92,3.57,3.74,66.13
6602-2,CASSHI02,CASSAFOUSTH,hydro,ALMAFUE._132kV_1,5.4,599.92,3.57,3.74,66.13
8694-1,FIAMFV01,P.S. FIAMBALA,solar,BRACHO_132kV_3,11.0,595.11,3.54,10.68,32.2
8669-2,LMADHI02,LOS MADERAS,hydro,JUANCITO_132kV,15.0,588.25,3.5,6.67,23.34
8667-1,LMADHI01,LOS MADERAS,hydro,JUANCITO_132kV,15.0,588.25,3.5,6.67,23.34
6606-3,FSIMHI13,FITZ SIMON,hydro,ALMAFUE._132kV_1,3.5,588.0,3.5,3.5,100.0
6606-1,FSIMHI13,FITZ SIMON,hydro,ALMAFUE._132kV_1,3.5,588.0,3.5,3.5,100.0
6606-2,FSIMHI13,FITZ SIMON,hydro,ALMAFUE._132kV_1,3.5,588.0,3.5,3.5,100.0
2665-4,ZARATG04,C.T ZARATE,ocgt,RODRGUEZ_220kV_1,50.8,576.96,3.43,43.29,6.76
8666-1,TINZFV01,P.S.F.V TINOGASTA TOZZI,solar,BRACHO_132kV_3,11.9,550.47,3.28,9.79,27.53
4618-8,PERZDI08,PEREZ SECCO,diesel,HENDERS2_132kV,9.7,518.36,3.09,9.7,31.81
4618-7,PERZDI07,PEREZ SECCO,diesel,HENDERS2_132kV,9.8,517.72,3.08,9.8,31.45
4618-6,PERZDI06,PEREZ SECCO,diesel,HENDERS2_132kV,9.8,510.37,3.04,9.8,31.0
4617-4,PERZDI04,PEREZ SECCO,diesel,HENDERS2_132kV,9.8,509.37,3.03,9.8,30.94
4617-2,PERZDI02,PEREZ SECCO,diesel,HENDERS2_132kV,9.9,507.26,3.02,9.8,30.5
4618-5,PERZDI05,PEREZ SECCO,diesel,HENDERS2_132kV,9.8,501.17,2.98,9.8,30.44
4617-3,PERZDI03,PEREZ SECCO,diesel,HENDERS2_132kV,9.7,497.01,2.96,9.7,30.5
7631-1,LREYHB01,LOS REYUNOS,hydro,GRAN MZA_220kV,111.5,489.48,2.91,75.24,2.61
7696-1,COROHI01,CH LS CORONELES,hydro,GRAN MZA_132kV,3.6,480.47,2.86,2.99,79.44
7697-1,COROHI02,CH LS CORONELES,hydro,GRAN MZA_132kV,3.6,480.47,2.86,2.99,79.44
6662-2,REOLHI02,BENJAMIN REOLIN,hydro,ALMAFUE._132kV_1,11.0,472.07,2.81,8.03,25.54
6663-3,REOLHI03,BENJAMIN REOLIN,hydro,ALMAFUE._132kV_1,11.0,472.07,2.81,8.03,25.54
6661-1,REOLHI01,BENJAMIN REOLIN,hydro,ALMAFUE._132kV_1,11.0,472.07,2.81,8.03,25.54
7651-1,LDCUTV11,LUJAN DE CUYO,steam,GRAN MZA_132kV,35.0,444.87,2.65,34.47,7.57
5972-1,TIROTV01,C.T. BIOMASA UNITAN.  Puerto Tirol,biomass,RESISTEN_132kV_1,4.3593,433.91,2.58,3.49,59.25
2672-2,SNICTV12,SAN NICOLAS,steam,RAMALLO_220kV,47.9,415.95,2.48,30.45,5.17
6696-1,BROCFV01,P.S. CURA BROCHERO (MATER),solar,ALMAFUE._132kV_2,30.6,414.68,2.47,8.29,8.07
8635-2,TUNAHI02,EL TUNAL,hydro,COBOS_345kV,5.9,411.2,2.45,2.71,41.48
8634-1,TUNAHI01,EL TUNAL,hydro,COBOS_345kV,5.9,411.2,2.45,2.71,41.48
4617-1,PERZDI01,PEREZ SECCO,diesel,HENDERS2_132kV,9.7,403.86,2.4,9.7,24.78
6643-3,LMO1HI03,LOS MOLINOS,hydro,ALMAFUE._132kV_2,12.0,367.42,2.19,2.37,18.23
6642-2,LMO1HI02,LOS MOLINOS,hydro,ALMAFUE._132kV_2,12.0,367.42,2.19,2.37,18.23
6644-4,LMO1HI04,LOS MOLINOS,hydro,ALMAFUE._132kV_2,12.0,367.42,2.19,2.37,18.23
6641-1,LMO1HI01,LOS MOLINOS,hydro,ALMAFUE._132kV_2,12.0,367.42,2.19,2.37,18.23
8674-1,TIN2FV01,P.S. TINOGASTA II,solar,BRACHO_132kV_3,7.0,344.45,2.05,6.59,29.29
1699-1,ELOMDI01,ENTRE LOMAS,diesel,P.BAND._132kV,10.9083,332.04,1.98,6.45,18.12
7609-1,HESRFV,P.S.F.V HELIOS SANTA ROSA PV,solar,GRAN MZA_132kV,5.0,326.83,1.95,4.99,38.91
7684-1,SANDFV,Planta fotovoltaica Solar de los Andes (MATER),solar,GRAN MZA_132kV,5.0,321.86,1.92,4.99,38.32
6681-1,SROQHI01,SAN ROQUE,hydro,MALVINAS_132kV,6.0,293.47,1.75,1.8,29.11
6683-3,SROQHI03,SAN ROQUE,hydro,MALVINAS_132kV,6.0,293.47,1.75,1.8,29.11
6682-2,SROQHI02,SAN ROQUE,hydro,MALVINAS_132kV,6.0,293.47,1.75,1.8,29.11
6684-4,SROQHI04,SAN ROQUE,hydro,MALVINAS_132kV,6.0,293.47,1.75,1.8,29.11
8651-1,GUEMTV11,GUEMES,steam,JUANCITO_132kV,59.55,291.0,1.73,58.2,2.91
661-1,YPFATG01,YPF LOS PERALES,ocgt,SCN_500_132kV,17.7176,288.99,1.72,17.72,9.71
1655-2,LCA2TG01,Loma Campana 2,ocgt,P.BAND._132kV,98.9733,287.43,1.71,47.44,1.73
7638-1,HON4FV01,P.S. C. HONDA IV,solar,GRAN MZA_132kV,6.0,278.79,1.66,5.0,27.66
7624-1,UL42FV01,P.S. ULLUM 4 (AMPLIACION MATER),solar,NVA.SJUAN_132kV,7.0,257.95,1.54,4.19,21.93
7623-1,CVIEHI01,CTA. DEL VIENTO,hydro,NVA.SJUAN_132kV,10.55,245.98,1.46,4.31,13.88
6686-1,MSEVTG01,MARIO SEVESO,ccgt,MALVINAS_132kV,16.0543,241.42,1.44,13.54,8.95
3696-1,LPLADI01,LA PLATA,diesel,ABASTO_220kV,40.4,238.03,1.42,40.1,3.51
3678-8,PNUETV08,PUERTO NUEVO,steam,RODRGUEZ_220kV_2,117.9,230.86,1.37,112.9,1.17
2607-7,MDPATV07,MAR DEL PLATA,steam,VIVORATA_132kV,25.0,229.12,1.36,23.66,5.46
2673-3,SNICTV13,SAN NICOLAS,steam,RAMALLO_220kV,42.8,227.29,1.35,29.5,3.16
6625-1,SPUNFV01,S. de la Punta,solar,LUJAN.SL_132kV_2,5.0,222.85,1.33,4.74,26.53
5606-1,PMISTV01,PPEL MISIONERO,biomass,S.ISIDRO_132kV_2,1.99,219.46,1.31,1.43,65.64
8652-2,GUEMTV12,GUEMES,steam,JUANCITO_132kV,59.49,218.14,1.3,56.27,2.18
6604-1,CSOLFV01,Cerros del Sol,solar,LUJAN.SL_132kV_2,5.0,213.77,1.27,4.59,25.45
3637-7,DSUDTG07,DOCK SUD,ocgt,EZEIZA_220kV_1,31.2,208.53,1.24,26.1,3.98
6640-1,LMO2HI01,LOS MOLINOS 2,hydro,ALMAFUE._132kV_2,4.0,196.3,1.17,1.51,29.21
8630-1,CADIHI12,CADILLAL,hydro,COBOS_345kV,6.3,188.37,1.12,1.15,17.8
8630-2,CADIHI12,CADILLAL,hydro,COBOS_345kV,6.3,188.37,1.12,1.15,17.8
4627-1,RUFIDI01,RUFINO STA FE,diesel,HENDERS2_132kV,31.9,162.24,0.97,28.36,3.03
7685-1,HON1FV01,P.S. C.HONDA 1,solar,GRAN MZA_132kV,3.0,153.34,0.91,2.61,30.43
7617-1,TAMBFV01,Proyecto Solar Tamberias (MATER),solar,NVA.SJUAN_132kV,100.0,150.89,0.9,2.52,0.9
3670-1,MAGDDI01,MAGDALENA ENARS,diesel,ABASTO_220kV,25.0,150.0,0.89,25.0,3.57
7686-1,ANPCFV01,P.S. ANCHIPURAC,solar,NVA.SJUAN_132kV,3.0,147.94,0.88,2.48,29.35
6630-2,SFRATG02,SAN FRANCISCO,ocgt,MALVINAS_132kV,18.6,146.41,0.87,17.61,4.69
2601-1,MDPATG21,MAR DEL PLATA,ocgt,VIVORATA_132kV,19.7,146.34,0.87,17.36,4.42
7618-1,SMARHI13,CH SAN MARTIN,hydro,GRAN MZA_132kV,2.16,134.44,0.8,1.2,37.05
7618-2,SMARHI13,CH SAN MARTIN,hydro,GRAN MZA_132kV,2.16,134.44,0.8,1.2,37.05
7618-3,SMARHI13,CH SAN MARTIN,hydro,GRAN MZA_132kV,2.16,134.44,0.8,1.2,37.05
1639-1,REALDI01,REALICO,diesel,MACACHIN_132kV,24.0,129.49,0.77,22.1,3.21
3638-8,DSUDTG08,DOCK SUD,ocgt,EZEIZA_220kV_1,30.3,126.24,0.75,25.9,2.48
6613-3,SOESTG03,SUD OESTE,ocgt,ALMAFUE._132kV_2,23.1,125.19,0.75,14.1,3.23
2652-1,JUNIDI01,JUNIN,diesel,HENDERS2_220kV,20.0,114.56,0.68,19.74,3.41
8607-1,BANDDI01,BANDERA DISTRIB,diesel,MQUEMADO_132kV,30.2,112.0,0.67,28.0,2.21
2602-2,MDPATG12,MAR DEL PLATA,ocgt,VIVORATA_132kV,15.4,110.45,0.66,12.77,4.27
7608-1,ALGRFV01,P.S. ALGARROBO,solar,NVA.SJUAN_132kV,5.6,110.32,0.66,3.86,11.73
7652-2,LDCUTV12,LUJAN DE CUYO,steam,GRAN MZA_132kV,35.983,108.97,0.65,17.09,1.8
8692-1,ANATDI01,AÑATUYA,diesel,MQUEMADO_132kV,19.2,108.89,0.65,18.9,3.38
8691-1,RREYHI12,RIO REYES,hydro,JUANCITO_132kV,4.0,107.71,0.64,1.94,16.03
8691-2,RREYHI12,RIO REYES,hydro,JUANCITO_132kV,4.0,107.71,0.64,1.94,16.03
3648-1,ABRODI01,ALTE BROWN ENAR,diesel,EZEIZA_220kV_1,23.7,105.9,0.63,18.25,2.66
3648-2,ABRODI01,ALTE BROWN ENAR,diesel,EZEIZA_220kV_1,23.7,105.9,0.63,18.25,2.66
3648-3,ABRODI01,ALTE BROWN ENAR,diesel,EZEIZA_220kV_1,23.7,105.9,0.63,18.25,2.66
2609-9,MDPATG19,MAR DEL PLATA,ocgt,VIVORATA_132kV,14.5,105.72,0.63,12.74,4.34
2609-V,MDPATG19,MAR DEL PLATA,ocgt,VIVORATA_132kV,14.5,105.72,0.63,12.74,4.34
2640-5,MDAJTG15,MAR DE AJO,ocgt,VIVORATA_132kV,13.5,104.3,0.62,11.8,4.6
3622-4,DIQUTG04,DIQUE,ocgt,ABASTO_220kV,13.93,102.78,0.61,12.93,4.39
2682-3,VGESTG14,VILLA GESELL,ocgt,VIVORATA_132kV,14.3,102.66,0.61,11.6,4.27
2680-2,VGESTG11,VILLA GESELL,ocgt,VIVORATA_132kV,13.93,102.36,0.61,11.8,4.37
6659-2,RTERTG02,13 DE JULIO,ocgt,ALMAFUE._132kV_2,12.84,99.82,0.59,11.1,4.63
2668-3,PEDRTG03,SAN PEDRO BSAS,ocgt,RAMALLO_132kV,50.2,98.14,0.58,9.68,1.16
5611-1,BARDDI01,BARRANQ. DISTRI,diesel,RESISTEN_132kV_1,21.7,96.5,0.57,19.3,2.65
3600-1,SVICDI01,S.VICENTE BSAS,diesel,EZEIZA_220kV_1,27.6,96.0,0.57,24.0,2.07
1634-2,LDLMDI01,CT LOMA DE LA LATA MOTORES,diesel,P.BAND._132kV,5.4,94.1,0.56,5.32,10.37
1623-3,AVALTG23,ALTO VALLE,ccgt,P.BAND._132kV,24.861,93.97,0.56,21.29,2.25
8660-1,LRIOTG21,LA RIOJA,ocgt,RIOJASUR_132kV,12.96,91.96,0.55,10.4,4.22
6824-1,BVILDI01,BELL VILLE,diesel,A.CABRAL_132kV,15.6,90.83,0.54,15.6,3.47
6824-2,BVILDI01,BELL VILLE,diesel,A.CABRAL_132kV,15.6,90.83,0.54,15.6,3.47
6605-1,DFUNTG01,DEAN FUNES,ocgt,MALVINAS_132kV,12.139,88.91,0.53,10.55,4.36
3940-1,ENRSDI01,C.T. ENSENADA. BRS,biogas,ABASTO_220kV,4.25,87.99,0.52,0.53,12.32
7689-1,DIAGFV01,Proyecto Solar Los Diaguitas (MATER),solar,NVA.SJUAN_132kV,100.0,87.62,0.52,1.39,0.52
6658-1,RTERTG01,13 DE JULIO,ocgt,ALMAFUE._132kV_2,12.84,86.73,0.52,11.1,4.02
6630-1,SFRATG01,SAN FRANCISCO,ocgt,MALVINAS_132kV,10.8,85.7,0.51,10.45,4.72
1678-1,BARIDI01,BARILOCHE ENARS,diesel,ALICURA_132kV,20.0,84.73,0.5,20.0,2.52
4612-3,OCAMDI03,VILLA OCAMPO,diesel,ROMANG_132kV,9.6,84.29,0.5,9.55,5.23
4612-4,OCAMDI04,VILLA OCAMPO,diesel,ROMANG_132kV,9.7,83.86,0.5,9.56,5.15
2605-1,COLBDI01,COLON BSAS,diesel,HENDERS2_220kV,14.5,83.86,0.5,14.15,3.44
4612-5,OCAMDI05,VILLA OCAMPO,diesel,ROMANG_132kV,9.6,83.78,0.5,9.58,5.19
4608-2,OCAMDI02,VILLA OCAMPO,diesel,ROMANG_132kV,9.7,83.78,0.5,9.44,5.14
1634-1,LDLMDI01,CT LOMA DE LA LATA MOTORES,diesel,P.BAND._132kV,5.4,83.24,0.5,5.31,9.18
2641-1,LINCDI01,LINCOLN,diesel,HENDERS2_220kV,14.0,82.54,0.49,14.0,3.51
3621-3,DIQUTG03,DIQUE,ocgt,ABASTO_220kV,11.9,81.55,0.49,10.7,4.08
6691-2,VMARTG02,VILLA MARIA,ocgt,A.CABRAL_132kV,12.5,81.16,0.48,9.1,3.86
8660-3,LRIOTG23,LA RIOJA,ocgt,RIOJASUR_132kV,12.94,80.84,0.48,10.7,3.72
4608-1,OCAMDI01,VILLA OCAMPO,diesel,ROMANG_132kV,9.6,80.48,0.48,9.3,4.99
5652-1,GOYDDI01,CT GOYA ENARSA,diesel,MERCEDES_132kV,13.0,75.0,0.45,12.5,3.43
5654-1,ARISDI01,A.D.VALL.ENARSA,diesel,S.ISIDRO_132kV_2,15.0,74.71,0.44,15.0,2.96
5603-1,ESCOTV01,C.T. LA ESCONDIDA.  INDUNOR S.A.,biomass,RESISTEN_132kV_2,10.067,74.27,0.44,10.04,4.39
2686-1,MIR1DI01,MIRAMAR I ENARS,diesel,OLAVARRI_132kV_2,15.7,70.58,0.42,12.29,2.68
5635-1,VANGDI01,V.ANGELA ENARSA,diesel,CHACO_132kV,12.5,70.14,0.42,12.5,3.34
6624-1,BVILDI01,BELL VILLE,diesel,A.CABRAL_132kV,15.6,67.97,0.4,14.7,2.59
8618-1,PICADI01,P.IND.CAT ENARS,diesel,RECREO_132kV,12.3,66.98,0.4,12.3,3.24
3622-2,DIQUTG02,DIQUE,ocgt,ABASTO_220kV,12.2,66.59,0.4,10.68,3.25
5631-1,SPENDI01,SAENZ PEÑA,diesel,CHACO_132kV,17.0,66.37,0.4,17.0,2.32
8693-1,ANATDI02,AÑATUYA,diesel,MQUEMADO_132kV,11.4,64.01,0.38,10.9,3.34
8660-2,LRIOTG22,LA RIOJA,ocgt,RIOJASUR_132kV,11.969,63.67,0.38,8.9,3.17
5651-1,CASTDI01,CASTELLI,diesel,CHACO_132kV,13.0,62.61,0.37,12.02,2.87
6693-3,VMARTG03,VILLA MARIA,ocgt,A.CABRAL_132kV,10.1,61.6,0.37,8.8,3.63
6691-1,VMARTG01,VILLA MARIA,ocgt,A.CABRAL_132kV,12.5,60.6,0.36,10.1,2.89
8695-1,TINODI01,TINOGASTA ENARS,diesel,BRACHO_132kV_3,15.0,60.0,0.36,15.0,2.38
5642-1,PIRADI01,PIRANE,diesel,GRANFORMOSA_132kV_1,15.7,58.1,0.35,15.0,2.2
5644-1,PIRADI01,PIRANE,diesel,GRANFORMOSA_132kV_1,15.7,58.1,0.35,15.0,2.2
5601-1,SCHADI01,S.MART. CHACO,diesel,CHACO_132kV,14.2,56.8,0.34,14.2,2.38
2671-1,SNICTV11,SAN NICOLAS,steam,RAMALLO_220kV,49.05,56.6,0.34,31.4,0.69
4610-1,SSALDI01,S.SALVADOR ERIO,diesel,GRAN.PNA_132kV,10.8,55.62,0.33,9.5,3.07
5668-1,CHARDI02,CHARATA ENARSA,diesel,CHACO_132kV,11.2,53.67,0.32,11.2,2.85
4629-1,AVELDI01,C.T. AVELLANEDA. SANTA FE,biogas,ROMANG_132kV,6.3,53.47,0.32,5.99,5.05
4611-1,LPAZDI01,LA PAZ E.RIOS,diesel,SGDE.ARG_132kV_2,10.8,51.5,0.31,10.8,2.84
5641-1,FORDDI01,FORMOSA DELIVER,diesel,GRANFORMOSA_132kV_2,13.0,50.71,0.3,13.0,2.32
8657-1,LRISDI01,L.RIOJA SUR ENA,diesel,RIOJASUR_132kV,10.0,49.11,0.29,8.57,2.92
5643-2,FORDDI02,FORMOSA DELIVER,diesel,GRANFORMOSA_132kV_2,15.0,42.68,0.25,14.6,1.69
6605-2,DFUNTG02,DEAN FUNES,ocgt,MALVINAS_132kV,10.8,42.05,0.25,10.67,2.32
5667-1,CHARDI01,CHARATA ENARSA,diesel,CHACO_132kV,8.2,40.87,0.24,7.33,2.97
8683-1,CHLEDI01,CHILECITO ENARS,diesel,RIOJASUR_132kV,10.0,40.0,0.24,10.0,2.38
2638-1,LOBODI01,LOBOS ENARSA,diesel,RODRGUEZ_132kV_5,19.68,39.36,0.23,19.68,1.19
8617-1,INTADI01,INTA CATAM ENAR,diesel,RECREO_132kV,7.0,38.57,0.23,6.6,3.28
7632-2,LREYHB02,LOS REYUNOS,hydro,GRAN MZA_220kV,111.5,38.26,0.23,15.87,0.2
7644-4,LDCUTG24,LUJAN DE CUYO,ocgt,GRAN MZA_132kV,22.76,36.48,0.22,19.69,0.95
5636-1,LPALDI01,L.PALMAS ENARSA,diesel,RESISTEN_132kV_2,6.7,35.64,0.21,6.7,3.17
5669-1,PPATDI01,PASO DE LA PATR,diesel,P.PATRIA_132kV,5.9,31.59,0.19,5.6,3.19
4680-1,RAFADI01,RAFAELA,diesel,S.TOME_132kV_2,19.0,30.14,0.18,8.3,0.94
5632-1,SPE2DI01,SAENZ PEÑA II,diesel,CHACO_132kV,7.7,29.86,0.18,5.04,2.31
5638-1,ITATDI01,CT ITATI,diesel,P.PATRIA_132kV,5.5,28.52,0.17,4.8,3.09
5666-1,SROSDI01,STA ROSA CORR,diesel,P.PATRIA_132kV,5.5,25.43,0.15,5.18,2.75
7691-1,SARCTG21,SARMIENTO SJ,ocgt,NVA.SJUAN_132kV,9.97,20.69,0.12,7.04,1.24
8619-1,TERVDI01,TEREVINTOS ENAR,diesel,RECREO_132kV,8.0,20.07,0.12,6.53,1.49
5634-1,LBLADI01,LAG. BLANCA,diesel,GRANFORMOSA_132kV_1,7.0,18.05,0.11,5.21,1.53
2640-7,MDAJTG17,MAR DE AJO,ocgt,VIVORATA_132kV,13.0,17.8,0.11,8.9,0.82
2996-1,PERGDI01,C.T. PERGAMINO,biogas,RODRGUEZ_220kV_1,2.4,16.38,0.1,2.23,4.06
2642-1,VGADDI01,VILLEGAS ENARSA,diesel,HENDERS2_132kV,2.6,15.41,0.09,2.6,3.53
7691-2,SARCTG22,SARMIENTO SJ,ocgt,NVA.SJUAN_132kV,9.97,14.13,0.08,7.09,0.84
5633-1,JUARDI01,C.T. JUAREZ,diesel,GRANFORMOSA_132kV_1,4.0,13.8,0.08,3.67,2.05
409-1,CRIVTG21,CDRO RIVADAVIA,ocgt,SCN_500_132kV,14.4,12.07,0.07,12.07,0.5
8697-1,LEDE.TV03,LEDESMA,ocgt,JUANCITO_132kV,4.1067,8.7,0.05,1.35,1.26
4607-1,MOLITV01,MOLINOS AUTOG.,steam,R.COROND_132kV,0.272,8.0,0.05,0.27,17.51
8671-1,LEDE.TV01,LEDESMA,ocgt,JUANCITO_132kV,3.5009,7.42,0.04,1.15,1.26
7693-3,SARCTG23,SARMIENTO SJ,ocgt,NVA.SJUAN_132kV,9.97,5.08,0.03,5.08,0.3
8672-2,LEDE.TV02,LEDESMA,ocgt,JUANCITO_132kV,1.6837,3.57,0.02,0.55,1.26
8648-2,CITRDI02,C.T. CITRUSVIL,biogas,BRACHO_132kV_2,3.003,0.04,0.0,0.04,0.01
8673-1,LIBEDI01,LIB. SAN MARTIN,diesel,JUANCITO_132kV,13.2,0.0,0.0,-0.0,0.0
7642-2,LDCUTG22,LUJAN DE CUYO,ccgt,GRAN MZA_132kV,24.373,0.0,0.0,-0.0,0.0
3675-5,EZEITV05,CT EZEIZA,ocgt,EZEIZA_220kV_1,42.09,0.0,0.0,-0.0,0.0
3676-6,EZEITV06,CT EZEIZA,ocgt,EZEIZA_220kV_1,42.53,0.0,0.0,-0.0,0.0
2664-3,ZARATG03,C.T ZARATE,ocgt,RODRGUEZ_220kV_1,52.5,0.0,0.0,-0.0,0.0
7694-1,CCOLHI01,CARACOLES,hydro,NVA.SJUAN_132kV,60.7,0.0,0.0,-0.0,0.0
7695-2,CCOLHI02,CARACOLES,hydro,NVA.SJUAN_132kV,60.7,0.0,0.0,-0.0,0.0
2669-1,PEDRTV01,SAN PEDRO BSAS,steam,RAMALLO_132kV,61.52,0.0,0.0,-0.0,0.0
6633-3,MMARTG03,MARANZANA,ocgt,ALMAFUE._132kV_1,44.8,0.0,0.0,-0.0,0.0
6634-4,MMARTG04,MARANZANA,ocgt,ALMAFUE._132kV_1,22.9,0.0,0.0,-0.0,0.0
2674-4,SNICTV14,SAN NICOLAS,steam,RAMALLO_132kV,43.7,0.0,0.0,-0.0,0.0
2614-4,NECOTV04,NECOCHEA,steam,OLAVARRI_132kV_2,46.1,0.0,0.0,-0.0,0.0
1676-1,LCAMTG01,LOMA CAMPANA,ocgt,P.BAND._132kV,92.4763,0.0,0.0,-0.0,0.0
3601-1,COSTTV01,COSTANERA,steam,EZEIZA_220kV_1,84.12,0.0,0.0,-0.0,0.0
4650-1,SORRTV13,SORRENTO,steam,R.OESTE_132kV_2,84.78,0.0,0.0,-0.0,0.0
2608-8,MDPATV08,MAR DEL PLATA,steam,VIVORATA_132kV,23.52,0.0,0.0,-0.0,0.0
7610-1,LUNLHI01,P.A.H. LUNLUNTA,hydro,GRAN MZA_132kV,6.296,0.0,0.0,-0.0,0.0
2616-1,MDPATG22,MAR DEL PLATA,ocgt,VIVORATA_132kV,20.5,0.0,0.0,-0.0,0.0
8957-1,LEALTV01,C.T. COGENERACI N INGENIO LEALES,biomass,BRACHO_132kV_2,2.226,0.0,0.0,-0.0,0.0
663-1,RESCHI01,H RIO ESCONDIDO,hydro,NPMADRYN_330kV,4.2031,0.0,0.0,-0.0,0.0
7603-1,ETIGHI12,EL TIGRE,hydro,GRAN MZA_132kV,6.85,0.0,0.0,-0.0,0.0
7603-2,ETIGHI12,EL TIGRE,hydro,GRAN MZA_132kV,6.85,0.0,0.0,-0.0,0.0
4621-1,VIALDI01,VIALE E. RIOS,diesel,GRAN.PNA_132kV,4.6,0.0,0.0,-0.0,0.0
468-1,PTR1TG23,PICO TRUNCADO 1,ocgt,SCN_500_132kV,14.5,0.0,0.0,-0.0,0.0
1620-1,AVALTV12,ALTO VALLE,ccgt,P.BAND._132kV,12.3504,0.0,0.0,-0.0,0.0
1620-2,AVALTV12,ALTO VALLE,ccgt,P.BAND._132kV,12.3504,0.0,0.0,-0.0,0.0
8685-1,ORADDI01,ORAN ENARSA,diesel,JUANCITO_132kV,14.0,0.0,0.0,-0.0,0.0
466-1,PTR1TG25,PICO TRUNCADO 1,ocgt,SCN_500_132kV,13.2,0.0,0.0,-0.0,0.0
620-2,RESCHI02,H RIO ESCONDIDO,hydro,NPMADRYN_330kV,3.0269,0.0,0.0,-0.0,0.0
1621-1,AVALTG21,ALTO VALLE,ocgt,P.BAND._132kV,13.8546,0.0,0.0,-0.0,0.0
4631-1,CEREDI01,CERES    ENARSA,diesel,S.TOME_132kV_2,18.0,0.0,0.0,-0.0,0.0
2615-1,ARREDI01,ARRECIFES ENARS,diesel,RODRGUEZ_220kV_1,1.0,0.0,0.0,-0.0,0.0
7643-3,LDCUTG23,LUJAN DE CUYO,ocgt,GRAN MZA_132kV,22.766,0.0,0.0,-0.0,0.0
6621-1,LEVATG01,LEVALLE,ocgt,ALMAFUE._132kV_1,19.942,0.0,0.0,-0.0,0.0
6622-2,LEVATG02,LEVALLE,ocgt,ALMAFUE._132kV_1,19.946,0.0,0.0,-0.0,0.0
2677-4,AESPTG04,AES-PARANA,ocgt,RAMALLO_132kV,18.9,0.0,0.0,-0.0,0.0
2676-1,SNICTG01,SAN NICOLAS,ocgt,RAMALLO_132kV,19.1,0.0,0.0,-0.0,0.0
