line_id,line_key,s_nom_mva,average_flow_mw,peak_flow_mw,average_saturation_pct,peak_saturation_pct,hours_above_90pct
23.0,C.COSTA-P.BAND.-1,866.0,859.22,866.0,99.22,100.0,166
108.0,LUJAN.SL-GRAN MZA-1,866.0,585.69,866.0,67.63,100.0,14
71.0,EZEIZA-EZE GENETV03-1,600.0,385.56,472.58,64.26,78.76,0
104.0,ALMAFUE.-MALVINAS-1,1083.0,688.27,1083.0,63.55,100.0,58
32.0,PUELCHE2-MACACHIN-1,1299.0,806.61,1245.14,62.09,95.85,9
25.0,C.COSTA-PUELCHE1-2,1299.0,775.85,1216.7,59.73,93.66,6
24.0,C.COSTA-PUELCHE1-1,1299.0,775.85,1216.7,59.73,93.66,6
33.0,PUELCHE2-HENDERS1-2,1299.0,746.66,1159.43,57.48,89.26,0
30.0,A.CAJON-RDIAM.AC-1,1732.0,970.46,1411.61,56.03,81.5,0
29.0,L.LATA-P.BAND.-1,692.0,368.97,658.25,53.32,95.12,31
34.0,MACACHIN-HENDERS1-1,1299.0,676.51,1075.41,52.08,82.79,0
107.0,R.GRANDE-LUJAN.SL-1,866.0,424.01,795.56,48.96,91.87,1
97.0,RINCON-S.ISIDRO-1,866.0,415.08,522.64,47.93,60.35,0
35.0,NPMD.CHL-CH.CHOEL-1,1264.0,556.87,822.1,44.06,65.04,0
109.0,GRAN MZA-RDIAM.GM-1,1732.0,745.17,1151.69,43.02,66.49,0
43.0,B.BLANCA-VIVO.BB1-1,866.0,359.45,530.94,41.51,61.31,0
106.0,MALVINAS-REC.MALV-1,1083.0,437.93,961.21,40.44,88.75,0
64.0,RAMALLO-R.OESTE-1,1299.0,509.94,1147.85,39.26,88.36,0
94.0,RINCON-RESISTEN-1,1732.0,680.02,1282.11,39.26,74.02,0
18.0,CHOE.PA-T.AGUI1-1,1299.0,490.61,1078.15,37.77,83.0,0
69.0,EZEIZA-EZE.GENETG01-1,400.0,142.9,182.0,35.73,45.5,0
22.0,CHOE.BB2-B.BLANCA-2,1732.1,607.71,1087.4,35.09,62.78,0
2.0,NPMADRYN-SCN_500-1,866.0,303.43,354.76,35.04,40.97,0
59.0,ATUCHA 2-RAMALLO-1,1299.0,449.05,1000.74,34.57,77.04,0
42.0,B.BLANCA-PBUENA1-1,346.0,119.23,193.3,34.46,55.87,0
70.0,EZEIZA-EZE GENETG02-1,400.0,137.31,175.0,34.33,43.75,0
81.0,ROMANG-S.TOME-1,1083.0,366.96,618.33,33.88,57.09,0
117.0,RECREO-LAVALLE-1,865.0,281.07,552.2,32.49,63.84,0
98.0,RESISTEN-GRANFORMOSA-1,866.0,279.8,620.55,32.31,71.66,0
122.0,LAVALLE-SANTIAGO-1,866.0,278.71,392.7,32.18,45.35,0
103.0,ALMAFUE.-EMBALSE-1,1519.0,483.93,1039.71,31.86,68.45,0
67.0,EZEIZA-RODRGUEZ-1,1732.0,540.2,961.9,31.19,55.54,0
77.0,R.COROND-S.TOME-1,1732.0,511.53,820.32,29.53,47.36,0
44.0,CAMPANA-RODRGUEZ-1,1732.0,502.09,838.56,28.99,48.42,0
40.0,B.BLANCA-OLA.BB1-1,1878.0,542.94,872.11,28.91,46.44,0
15.0,CHOCONOE-A.CAJON-1,1732.0,492.89,929.21,28.46,53.65,0
5.0,CHOCON-C.COSTA-1,1299.0,352.22,783.7,27.12,60.33,0
6.0,CHOCON-C.COSTA-2,1299.0,352.22,783.7,27.12,60.33,0
57.0,OLA.AB1-ABASTO-1,1979.0,528.16,800.11,26.69,40.43,0
21.0,CHOE.BB1-B.BLANCA-1,1981.0,527.04,943.05,26.6,47.6,0
110.0,GRAN MZA-NVA.SJUAN-1,866.0,228.61,468.51,26.4,54.1,0
76.0,R.OESTE-A.CABRAL-1,1385.6,363.17,898.47,26.21,64.84,0
68.0,EZEIZA-RODRGUEZ-2,1732.0,451.84,804.56,26.09,46.45,0
72.0,ABASTO-EZBPASS-1,1732.0,445.36,657.06,25.71,37.94,0
73.0,EZBPASS-RODRGUEZ-2,1732.0,445.36,657.06,25.71,37.94,0
65.0,EZEIZA-ABASTO-1,1732.0,440.79,657.74,25.45,37.98,0
66.0,EZEIZA-ABASTO-2,1732.0,438.5,654.32,25.32,37.78,0
41.0,B.BLANCA-OLA.BB2-2,2598.0,630.89,1013.38,24.28,39.01,0
114.0,BRACHO-LAVALLE-1,1351.0,325.42,832.04,24.09,61.59,0
13.0,CHOCONOE-T.AGUI1-1,1850.0,427.82,950.35,23.13,51.37,0
14.0,CHOCONOE-T.AGUI1-2,1850.0,427.06,948.64,23.08,51.28,0
50.0,HENDERS2-25MAYO_1-2,1732.1,396.27,652.18,22.88,37.65,0
58.0,OLA.AB2-ABASTO-2,2598.0,591.08,895.42,22.75,34.47,0
82.0,ROMANG-RESISTEN-1,1083.0,240.31,483.88,22.19,44.68,0
11.0,P.AGUILA-T.AGUI1-2,1850.0,408.79,704.0,22.1,38.05,0
10.0,P.AGUILA-T.AGUI1-1,1850.0,408.79,704.0,22.1,38.05,0
102.0,ALMAFUE.-A.CABRAL-1,1519.0,318.77,764.47,20.99,50.33,0
52.0,HENDERS2-EZEIZA-2,1299.0,269.66,519.57,20.76,40.0,0
51.0,HENDERS2-EZEIZA-1,1299.0,269.66,519.57,20.76,40.0,0
93.0,YACYRETA-RINCON-3,1732.0,357.58,665.54,20.65,38.43,0
92.0,YACYRETA-RINCON-2,1732.0,357.58,665.54,20.65,38.43,0
91.0,YACYRETA-RINCON-1,1732.0,357.58,665.54,20.65,38.43,0
74.0,R.OESTE-R.COROND-1,1732.0,354.37,550.18,20.46,31.77,0
75.0,R.OESTE-R.COROND-2,1732.0,351.51,545.74,20.3,31.51,0
99.0,RESISTEN-CHACO-1,1732.0,336.99,853.12,19.46,49.26,0
47.0,BELGRANO1-C.ELIA-1,1732.0,321.54,647.86,18.56,37.41,0
116.0,RECREO-RIOJASUR-1,866.0,160.39,268.13,18.52,30.96,0
119.0,COBOS-MQUEM-CB-1,1732.0,318.03,911.17,18.36,52.61,0
101.0,CHACO-MQUEM-CH-1,1732.0,312.32,825.17,18.03,47.64,0
12.0,CHOCONOE-CHOE.CH-1,2041.0,355.42,852.5,17.41,41.77,0
38.0,B.BLANCA-GUIBROWN-1,1262.7,217.6,359.0,17.23,28.43,0
79.0,C.ELIA-SGDE.ARG-1,1732.0,256.25,578.65,14.79,33.41,0
26.0,T.AGUI1-ALICURA-1,1386.0,203.99,508.69,14.72,36.7,0
27.0,T.AGUI1-ALICURA-2,1386.0,203.43,507.31,14.68,36.6,0
63.0,RAMALLO-AES PARA-1,1982.0,286.33,460.27,14.45,23.22,0
7.0,CHOCON-C.H.CHOC-1,1299.0,184.89,406.0,14.23,31.25,0
8.0,CHOCON-C.H.CHOC-2,1299.0,184.89,406.0,14.23,31.25,0
9.0,CHOCON-C.H.CHOC-3,1299.0,184.89,406.0,14.23,31.25,0
105.0,EMBALSE-R.GRANDE-1,1287.0,179.11,561.44,13.92,43.62,0
118.0,COBOS-JUANCITO-1,866.0,114.25,278.27,13.19,32.13,0
113.0,BRACHO-COBOS-1,1732.0,213.13,546.35,12.31,31.54,0
45.0,CAMPANA-C.ELIA-1,1732.0,200.93,516.2,11.6,29.8,0
90.0,TERMINAL_500-CN-TSE-1,1732.0,195.14,208.31,11.27,12.03,0
78.0,R.COROND-CN-TSE-1,1732.0,195.14,208.31,11.27,12.03,0
60.0,ATUCHA 2-RODRGUEZ-1,1732.0,180.67,585.18,10.43,33.79,0
83.0,SGDE.ARG-GRAN.PNA-1,1732.0,179.33,380.06,10.35,21.94,0
80.0,C.ELIA-MERCEDES-1,1732.0,157.84,453.41,9.11,26.18,0
46.0,BELGRANO1-RODRGUEZ-1,1732.0,152.55,441.44,8.81,25.49,0
4.0,CHOCON-CHOCONOE-2,1732.0,143.54,437.7,8.29,25.27,0
3.0,CHOCON-CHOCONOE-1,1732.0,143.54,437.7,8.29,25.27,0
61.0,25MAYO_1-EZEIZA-2,1732.1,125.85,352.18,7.27,20.33,0
28.0,T.AGUI1-PPLEUFU-1,2041.0,140.9,264.0,6.9,12.93,0
96.0,RINCON-MERCEDES-1,1732.0,118.47,387.41,6.84,22.37,0
36.0,SCN_500-RSCRUZ-1,866.0,56.17,66.0,6.49,7.62,0
89.0,GRAN.PNA-S.TOME-1,1264.0,79.46,220.06,6.29,17.41,0
95.0,RINCON-P.PATRIA-1,1732.0,103.76,134.93,5.99,7.79,0
88.0,SGDE.ARG-RINCON-1,1732.0,101.54,318.74,5.86,18.4,0
37.0,RSCRUZ-ESPERANZ-1,866.0,37.38,44.0,4.32,5.08,0
86.0,SGDE.ARG-SGAC3500-1,1386.0,37.89,229.2,2.73,16.54,0
85.0,SGDE.ARG-SGAC2500-1,1386.0,36.79,70.71,2.65,5.1,0
84.0,SGDE.ARG-SGAC1500-1,1386.0,36.79,70.71,2.65,5.1,0
87.0,SGDE.ARG-SGAC4500-1,1386.0,24.51,72.79,1.77,5.25,0
100.0,P.PATRIA-R6L5RS-1,1732.0,0.0,0.0,0.0,0.0,0
,RINCON-GARABI-1,1299.0,0.0,0.0,0.0,0.0,0
